2025-12-18 13:10:49,890 - app - INFO - connect to database successful: data.db
2025-12-18 13:10:49,898 - app - INFO - Prepare to scrape url: https://mp.weixin.qq.com/s?__biz=MjM5ODQ4MTQ1OA==&mid=2651585013&idx=1&sn=84673a09d5ed7c4ae0576817d696f170&chksm=bd3542a88a42cbbebd1e12f5802798fa46a8d4d9d8da1d0bf1ef99eda4c4cb90edb7758801d5#rdi
2025-12-18 13:10:49,899 - app - INFO - 🚀 Launching Playwright browser for WeChat article...
2025-12-18 13:10:49,903 - app - INFO - Target url: https://mp.weixin.qq.com/s?__biz=MjM5ODQ4MTQ1OA==&mid=2651585013&idx=1&sn=84673a09d5ed7c4ae0576817d696f170&chksm=bd3542a88a42cbbebd1e12f5802798fa46a8d4d9d8da1d0bf1ef99eda4c4cb90edb7758801d5#rdi
2025-12-18 13:10:58,987 - app - INFO - 💾 Inserting scraped data into the database...: [{'unnamed': None, 'user_name': '义乌发布', 'publication_date': '2020-09-29 20:44:00', 'content': '共舞双循环、共享自贸区！2020世界义乌人大会举行！\n共舞双循环、共享自贸区！2020世界义乌人大会举行！\n原创 义乌市融媒体中心 义乌发布\n 2020年9月29日 20:44 浙江\n\n视频加载失败，请刷新页面再试\n\n 刷新\n\n\n\n\n乡情最浓是中秋\n\n在国庆、中秋“双节”来临之际\n\n今天（9月29日）\n\n以“共舞双循环、共享自贸区”为主题的\n\n2020世界义乌人大会\n\n在幸福湖国际会议中心举行\n\n\n\n\n\n\n\n350名与义乌市场关系密切的企业家、侨商、外商、专业市场经营者齐聚义乌，150万人次海内外人员通过云上直播参会，共庆佳节，共叙友谊，共话发展。\n\n\n\n\n\n\n\n市委书记林毅作主旨讲话。\n\n\n\n\n\n\n\n市长王健主持大会。市四套班子成员，各镇街、部门主要负责人参加会议。\n\n\n\n\n林毅在主旨讲话中说：\n\n\n\n\n“\n\n天南海北的义乌人是义乌最宝贵的财富。\n\n\n\n\n“义乌人”，不是一个局限于地理的称谓，而是一个蕴含着义乌精神、义乌特质的群体，一有雨露就发芽，给点阳光就灿烂。\n\n\n\n\n“义乌人”，不是封闭于一城、一地、一个国家，而是秉持开放理念，翻山越岭、漂洋过海，编织全球贸易网络。\n\n\n\n\n“义乌人”，不仅仅意味着贸易，还有商业文明，在繁荣商贸、促进生产的同时，还有力地推进了“一带一路”建设，为构建人类命运共同体添砖加瓦。\n\n\n\n\n今天，天南海北的义乌人在线上、线下团圆，是义乌的荣耀。尽管在疫情背景下，但只要有天南海北的义乌人、与义乌关联的各类发展主体在，就没有克服不了的困难。\n\n\n\n\n当前\n\n义乌面临\n\n双循环和自贸区的重大战略机遇\n\n义乌又迎来了\n\n新一轮发展的窗口期\n\n\n\n\n林毅指出，共舞双循环、共享自贸区，义乌有着优越的基础、独特的优势和巨大的潜力。习近平总书记特别关心关怀义乌，为义乌发展指明方向。党中央国务院、省委省政府一直高度重视义乌，大力支持义乌先行先试。疫情背景下义乌吸引力增强、作用更加明显，双循环已经舞起来了，自贸区已经干起来了。\n\n\n\n\n\n\n\n今年以来\n\n\n义乌外来人口再创新高\n\n义乌外来人口突破160万，首次来义大学生2.8万人，被评为全国人口流入第二县（市、区）。\n\n\n\n\n\n\n\n\n\n新设市场主体11.3万家\n\n市场主体总量超过65万家。\n\n\n\n1-8月\n实现出口1925亿元，增长3.8%，比全国高3个百分点；\n进口76.4亿元，增长24%。\n\n\n义乌直播销售量占全国的5%，\n电商快递占全国的8%，居全国城市第二。\n\n\n已开行“义新欧”班列620列；\n义甬舟成全国运量最大的铁海联运班列；\n1-8月，义乌省道、高速进出大货车426万辆，同比增加55万辆，5月份以来，每个月都超过了去年同期。\n\n\n\n\n\n\n\n义乌对标自贸区、干实试验区同样可圈可点，义乌的贸易韧性、枢纽作用在疫情背景下反而进一步凸显，义乌的各类市场主体具有强大的应变能力，通过主动改革，危中寻机。\n\n\n\n\n共舞双循环、共享自贸区\n\n义乌怎么干，怎么参与？\n\n林毅表示\n\n义乌将围绕\n\n“1+1+1+2+5+10”来展开\n\n即一个世界“小商品之都”总目标\n\n一个自贸区平台\n\n一个数字转型、整体智治路径\n\n\n两个样板城市\n\n五大自由便利改革\n\n十大百万行动\n\n\n\n\n\n\n\n“一都”：习近平总书记赋予义乌的建设世界“小商品之都”总目标\n\n\n\n\n不管是双循环还是自贸区，都要朝着世界“小商品之都”的目标奋进。世界“小商品之都”不仅为义乌，更是为全国、全球的中小微企业；不仅为采购商，更是为各类生产商、服务商；不仅为应对当下疫情背景下复杂的国际形势，更是为了适应未来全球化趋势。\n\n\n\n\n“一区”：自贸区\n\n\n\n\n这是“一都”的平台，也是世界义乌人的政策红利和新格局立足点。义乌最主要的特色是义乌主体，最宝贵的还是主体。义乌自贸区要做的，就是让市场主体有更多获得感。自贸区所有的改革和项目，都必须围绕解决主体的痛点和堵点。\n\n\n\n\n一个路径：数字转型、整体智治\n\n\n\n\n把贸易的各个环节、各类主体用数字平台链接起来，同时政府的服务监管也整体数字化，通过数字化再造义乌。\n\n\n\n\n义乌不仅整座城市要融入自贸区，而且要将与义乌关联的各类市场主体、监管主体通过数字化平台融入自贸区，要把内外双循环全链条用数字化平台串起来，重点是围绕批发，向前延伸至设计、生产、采购，向后延伸至仓储、物流、结算。同时，把政府的服务和监管嵌入其中。义乌要去做国内国际批发领域、跨境电商批发领域数字化全链条解决方案。不仅仅自己做，也会联合各方力量做，让各方主体从中受益。\n\n\n\n\n\n\n\n“两个样板”：建设国际一流营商环境样板城市、以世界“小商品之都”为特色的国际样板城市\n\n\n\n\n“两个样板”是抓手，也是柔性竞争力、全球吸引力。义乌的营商环境，要对标全球、国际一流，尤其要补齐城市功能短板。加快政务服务、城市服务向以满足市场主体办事创业需求为中心转变，同时，深化供给侧结构性改革，提升经济质量、城市质量、人口质量。\n\n\n\n\n五大改革重点\n\n\n\n\n自贸区的本质特征是制度型开放，是体制机制的无中生有、先行先试，以此满足各类市场主体和监管主体的需求。\n\n\n\n\n\n\n\n\n一是积极推进贸易自由便利先行先试。\n\n比如我们正在打造数字综保区，打造新型进口市场。\n\n\n\n\n\n二是积极推进投资自由便利先行先试。\n\n比如我们正在建立国际投资“单一窗口”，正在创新双向投资的形式。\n\n\n\n\n\n三是积极推进资金往来自由便利先行先试。\n\n比如我们正在推进本外币一体化试点，正在推进易货贸易平台建设。\n\n\n\n\n\n四是积极推进运输来往自由便利先行先试。\n\n比如我们正在打造通达全球主要目的地的数字化物流平台，正在国外布局一系列数字海外仓。\n\n\n\n\n\n五是积极推进人员进出自由便利先行先试。\n\n比如我们正在探索放宽外籍人员从业限制，正在探索更加开放的人才停居留政策。\n\n\n\n\n实施双循环十大行动\n\n\n\n\n1\n实施“百场万店”行动，连接200家以上市场、布局10万家以上分销网点，共拓强大国内市场。这是聚焦内循环，核心是让全国各地优秀的市场商品更好地进入全国各地的社区店和农村。重中之重是招募1000名以上城市经理人。\n2\n实施“百城万链”行动，连接100个以上物流枢纽和节点城市、对接1万家以上供应链企业，共建高效物流服务体系。这是聚焦内循环，核心是以数字化手段整合与义乌关联的物流资源，让物流服务更加智能、高效。\n\n\n\n3\n实施“百县万品”行动，帮扶200个以上欠发达县市，为1万种以上中西部地区工业制成品、农产品提供展销服务，共促东中西部联动发展。这是聚焦内循环，核心是让欠发达地区更好地发展。\n4\n\n实施“百仓万企”行动，布局200个以上海外仓、境外站、海外分市场等，服务1万家以上中小微企业开展跨境贸易，织密联系全球的商贸网络。这是聚焦外循环，核心是提高国际物流控货能力，降低风险和成本，增加金融等增值服务。\n\n5\n实施“百线万点”行动，上线海陆空快门到门“环球义达”线路200条以上，服务国内外1万个以上物流服务站点，建设融入“一带一路”的贸易金丝带。这是聚焦外循环，核心是进一步推进物流服务前移，形成“全球运、全球递”的高时效、低成本跨境集疏运体系。\n6\n实施“百国万商”行动，集聚来自全球200多个国家和地区的60万外商，促进商务往来与合作交流便利。这是聚焦外循环，核心是搭建服务来自全球200多个国家和地区的60万外商的经贸交流平台和服务体系。\n7\n实施“百馆万货”行动，设立100个以上进口商品特色馆、国别馆，布局1万家以上进口商品分销网点，共享扩大进口发展机遇。这是聚焦连接国内国际循环，核心是建设“境内关外”新型进口市场，在义乌设立100个以上进口商品特色馆、国别馆。\n8\n实施“百院万创”行动，与100所以上设计院校开展深度合作，集聚1万名设计人才，共聚创业创新服务要素。这是聚焦连接国内国际循环，核心是推动市场提质创牌，每年研发1万种以上创意设计产品，打造小商品创新策源地。\n9\n实施“百行万户”行动，推动100个以上日用消费品细分行业上网，为200万中小微主体插上数字贸易“翅膀”，赋能发展新业态新模式。这是聚焦连接国内国际循环，核心是推动日用消费品细分行业的主体展示、交易、物流等环节上网。\n10\n实施“百区万款”行动，与100个以上海关特殊监管区、自贸区以及自贸协定“朋友圈”发展联动，促进1万款以上特色商品高效自由流转，拓展贸易创新发展空间。这是聚焦连接国内国际循环，核心是与154个海关特殊监管区、21个自贸区以及19个自贸协定“朋友圈”政策互通、区区联动。\n\n\n\n\n\n\n\n\n\n\n林毅强调\n\n义乌共舞双循环、共享自贸区\n\n最最关键的就是主体\n\n义乌一定通过自贸区改革和双循环项目\n\n服务好主体\n\n解决主体痛点堵点问题\n\n昨天\n\n义乌人留下了一个闯天下的传奇\n\n今天\n\n我们也要续写闯天下的新篇章\n\n放眼看\n\n义乌竟如此多娇\n\n侧耳听\n\n义乌在殷殷召唤\n\n愿世界义乌人与义乌一道\n\n共舞双循环、共享自贸区\n\n共同绽放属于我们时代的荣光\n\n\n\n\n\n\n\n\n\n\n义乌商城集团、义乌清越光电科技、拼多多、省区块链技术应用协会、贵州星力百货集团、波兰中国小商品批发中心等商贸领域的6位嘉宾，分别围绕“内外双循环”作主题分享。\n\n拼多多副总裁狄拉克说，拼多多将与义乌进一步加深合作，双方旨在合作推动义乌产业带的优质企业、优质商品，充分对接拼多多平台6.83亿用户的内需大市场，积极探索内贸市场。\n\n义乌清越光电科技有限公司董事长高裕弟深情表达了对义乌的热爱，他说，义乌是一座开放包容的城市，义乌精神让他敬佩，也是这种精神感召着他，让他下定决心在义乌投资发展。\n\n\n\n\n会上，泰国乌隆府批发市场、斯洛伐克金城商贸城、卢旺达海外仓等许多心系义乌的国内外市场关联群体，也以视频连线方式送来了对义乌的问候和祝福。\n\n新冠肺炎疫情挡住了在外 “义商”回家之路，却挡不住他们助力家乡、与家乡共同发展的决心。今年，义乌首次增设视频连线环节，把“一场大会、一场家宴”搬到“云上”，实现“线上直播、云上访谈，隔屏会面、同屏互动”，按下项目推进“加速键”，世界义乌人“联动键”。8名海内外嘉宾通过视频连线在“云上”会面。\n\n市商务局、商城集团、市场集团主要负责人上台与嘉宾们进行实时对话解答。\n\n\n\n\n会上，32个重大项目签约，总投资446.3亿元，涉及高端制造、商贸文旅、科技研发等多个领域。这为义乌高质量发展注入澎湃动力，将带动更多企业和项目“共舞双循环、共享自贸区”。\n\n爱旭36GW新世代高效太阳能电池项目、华统食品健康产业小镇项目、某股份有限公司与义乌市人民政府全面战略合作协议、年产2.1亿平米功能型高分子膜项目、义乌市政府与中关村协同战略合作项目、义乌中关村协同科技小镇示范区及发展中心项目、义乌生命科学园项目、四维生态项目、前沿超低功耗显示及驱动技术工程研究中心项目等一批高质量产业项目首批签约。\n\n国内大循环方面，贸易新业态领域签约项目为微动天下义乌直播新零售电商产业基地、今日网红直播基地项目、赢品天下项目、木木屋总部项目、星辰智慧e谷项目、云上BO谷项目。总部经济签约项目为中国（义乌）光电大楼项目、莲都大厦B座项目、世界义商总部大厦项目、温商大厦项目、世界侨商大厦项目。国内二级市场签约项目为国内市场合作项目、小商品贵州供应链基地项目、“百县万品”宁夏农产品供应链项目。\n\n国际大循环方面，引进了一批自贸区、海外仓项目，包括海外仓战略合作项目、越商海·全球仓项目、华东（宏远）跨境城市中心仓项目、四达时代·共拓非洲项目。同时引进了一批跨境电商项目，包括执御出口中东电商平台义乌项目、三态跨境易科技城项目、智汇创想跨境电商华东运营中心项目、千岸科技华东运营中心项目。\n\n现场还签约了教育保障类项目义乌卡迪夫公学及附属幼儿园项目和义乌公学二期项目。\n\n\n\n\n\n\n\n作者：王婷 龚艳 余依萍 骆红婷\n\n图片：王显辉 季端正 何涛\xa0张旦萍 等\n\n\n编辑：吴攸\xa0杨雨苗\xa0\xa0责编：张丹娟\n\n点分享\n点点赞\n点在看\n\n\n\n\n\u200b', 'shared_count': None, 'comment_count': None, 'like_count': None, 'link1': 'https://mp.weixin.qq.com/s?__biz=MjM5ODQ4MTQ1OA==&mid=2651585013&idx=1&sn=84673a09d5ed7c4ae0576817d696f170&chksm=bd3542a88a42cbbebd1e12f5802798fa46a8d4d9d8da1d0bf1ef99eda4c4cb90edb7758801d5#rdi', 'link2': None, 'content_segmented': None, 'is_agriculture_related': None, 'index_number': None}]
2025-12-18 13:10:58,995 - app - INFO - 🗑️ Closing browser.
2025-12-18 13:10:59,051 - app - INFO - Prepare to scrape url: https://mp.weixin.qq.com/s/QIk5kDD1mCF6BDP5ld-egw
2025-12-18 13:10:59,052 - app - INFO - 🚀 Launching Playwright browser for WeChat article...
2025-12-18 13:10:59,052 - app - INFO - Target url: https://mp.weixin.qq.com/s/QIk5kDD1mCF6BDP5ld-egw
2025-12-18 13:11:06,236 - app - INFO - 💾 Inserting scraped data into the database...: [{'unnamed': None, 'user_name': '在湾区', 'publication_date': '2025-11-22 21:18:00', 'content': '5条线或“减”站？！广州地铁四期，再传大瓜\n5条线或“减”站？！广州地铁四期，再传大瓜\n原创 在湾区 在湾区\n 2025年11月22日 21:18 广东\n\n广州地铁四期，再传大瓜！\n\n自环评第一次公示被撤10个月后，经网友爆料，地铁四期将迎来大动作：\n\n一是，多条线路或迎站点调整，砍站是大趋势；\n\n二是，70%指标有望年底完成，最快年内上报。\n\n图源：网络\n\n秉持着严谨的心态，区仔在一众官方号中翻来覆去，暂时没找到准确消息源。\n\n所以，大家可以先抱着怀疑的心态看看。\n\n毕竟，有消息总比没消息好，起码没黄是不是？\n\n顺藤摸瓜，区仔还扒出了不少关于地铁四期报批线路的具体删改。\n\n当然，未尘埃落定前，一切都先听个响~\n\n1.\n\n结合网友爆料，以及区仔整理，广州地铁四期报批，线路或许会有以下变化：\n\n（叠甲保命：纯属个人猜测，你杠就是你对）\n\n1、26号线、3号线东延、6号线东延，目前来看相对安稳；\n\n26号线的重要性，相信大家都有耳闻。\n\n作为分流3号线日均180+万客流的主力军，天河、番禺、佛山官方都在努力推进中。\n\n除开佛山终点改至容桂外，这条呼声超高的线路走向基本不变，无需太过担心。\n\n3号线东延，站点少，耗资小，客流高，尽管网上声音不断，这条线路都在安全名单之列。\n\n6号线东延，存在一定争议，主要集中在站点部分，大家对这条线入选几乎没有怀疑。\n\n第一种声音，是维持之前说法，从香雪延伸到增城的岗丰大道，设站5座；\n\n另一种声音，则是说会砍掉增城部分，只到刘村部分，将云埔常住人口纳入。\n\n2、15+32号组成的南沙环线，入选几率不小但站点会砍；\n\n作为广州副中心，对南沙建设的支持力度，高层向来只多不少。\n\n这不，15+32号线的南沙环线，几乎也在大部分爆料名单之列。\n\n但由于目前南沙多条线路客流强度实在太低，不少爆料表示，官方有意缩减站点。\n\n从网上声音来看，15号线一期北段，即沿进港大道一段，常驻人口少，或许会根据实际情况，删减部分站点。\n\n3、10、19、23、广佛东延等4条线路，会存在一定变数。\n\n先说说10号线东延，该线路本就是10号线拆解后才可能动工的线路。\n\n目前来看，3号线、10号线拆解困难不小，如果正线迟迟拆不下，东延无从谈起。\n\n但10号线东延专治“岑村痛点”，服务10万+智慧城高薪科创人才，如何平衡，还得看官方。\n\n广佛东延线同理，沥滘旧改停滞不前，多数村民都已搬离，新房成交寥寥，未来人口多少，都成迷。\n\n即便引入中信城开、合生支援，沥滘旧改想改头换面，也要不小的时间，广佛东延增添辐射客流的算盘，自然落空。\n\n至于19、23号线，网上支持的声音虽然不小；\n\n但这两条线路里程相加，占了四期地铁30+%的指标，耗资大、里程长、施工难。\n\n也许最终会入围地铁四期名单，但区仔以为，大概率会分期建设，或者删减站点。\n\n2.\n\n尽管困难重重，但广州地铁四期的推进，仍然势在必得。\n\n一来，广州地铁日均客流稳步增长，有利于四期线路报批。\n\n随着今年10、12、14等线路的陆续开通，广州地铁线网日均客流，相比此前增加50万人次/日。\n\n目前，广州地铁日均线网客流保持在950万人次上下，若是碰上周末节假日或广交会，几乎每天都能突破1000万大关。\n\n随着后续线路的开通，广州，有望成为继北京、上海之后，全国第三座常态化超1000万地铁客流城市。\n\n二来，除开客流增长带来的增收外，广州地铁仍在拓宽收入渠道。\n\n就在前不久，广州地铁合作打造的“地铁优鲜购”进驻各大人流密集地铁站点。\n\n甚至711、瑞辛咖啡等，也随之进驻各大换乘通道内，打造集购物、休闲、娱乐一体的地铁微商业生态。\n\n上班族，只需换乘时花费不到一分钟就能获得相应服务，方便快捷，备受好评。\n\n不少地铁站周边居民，都在期待加快试点，早日普及，做到“出地铁即买齐嘢”便利生活。\n\n图源：中国广州发布\n除此之外，为了不耽误地铁四期的申报，广州地铁在三期工程的建设上，可谓提质提速。\n日前，8号线北延段雅源站、雅瑶站两座车站主体结构顺利封顶，土建工程累计完成已达24%。\n作为三期工程中进度最慢的线路，8号线北延的顺利推进，对于70%指标的完成具备显著推进作用。\n最后，你对地铁四期爆料如何看待？\n欢迎评论区开麦~\n\n【阅读推荐】\n\n尊重原创成果，未经授权请勿私自转载\n\n\n转载授权、合作爆料请联系：wqfc001\n\n免责声明：\n\n一、基于本公众号的受众均为有独立民事意识能力和行为能力的主体，其应当对自身的法律行为负责，本公众号不作任何承诺。\n\n\xa0二、对由于使用本公众号所产生的任何直接、间接或偶然性的损失或破坏，无论该损失或破坏是否源于疏忽、违约、诽谤、侵权甚至电脑病毒。本公众号不承担任何责任，亦不作任何承诺。\n\n三、“在湾区”不保证所有信息、文本、图形、链接及其它项目的绝对准确性和完整性，故仅供访问者参照使用，因依赖该资料所致的任何损失，本公众号不承担任何法律责任。\n\n\xa0四、“在湾区”涉及的文章及视频如注明具体出处的为转载稿件，均出于公益目的，仅提供参考，并不意味着赞同其观点或证明其内容的真实性，不作为任何法律事务的法律依据；如其他媒体、网站或个人从公众号下载使用，必须保留本公众号注明的“作者”，并自负版权等法律责任。\n\n\xa0五、如任何个人或单位认为本公众号转载文章涉及著作权等问题，敬请立即通知我司，我司将第一时间核实予以更改或删除。本公众号并不承担查清事实的责任和证实事实公正性和合法性的责任，同时在事实查清前保留对该部分内容继续刊载的权利。\n\n\u200b', 'shared_count': None, 'comment_count': None, 'like_count': None, 'link1': 'https://mp.weixin.qq.com/s/QIk5kDD1mCF6BDP5ld-egw', 'link2': None, 'content_segmented': None, 'is_agriculture_related': None, 'index_number': None}]
2025-12-18 13:11:06,243 - app - INFO - 🗑️ Closing browser.
2025-12-18 13:11:06,288 - app - INFO - Prepare to scrape url: https://weibo.com/6909568361/QiEkx50Js?refer_flag=1001030103_
2025-12-18 13:11:06,289 - app - INFO - 🚀 Launching Playwright browser...
2025-12-18 13:11:06,290 - app - INFO - Target url: https://weibo.com/6909568361/QiEkx50Js?refer_flag=1001030103_
2025-12-18 13:11:12,840 - app - INFO - 🔍 Page content loaded, starting data extraction...
2025-12-18 13:11:12,853 - app - INFO - 🔎 Scraping comments for: https://weibo.com/6909568361/QiEkx50Js?refer_flag=1001030103_
2025-12-18 13:11:13,867 - app - INFO - 📜 Scrolling to load comments...
2025-12-18 13:11:15,874 - app - INFO - Scroll 1/15 completed
2025-12-18 13:11:17,958 - app - INFO - Scroll 2/15 completed
2025-12-18 13:11:20,082 - app - INFO - Scroll 3/15 completed
2025-12-18 13:11:22,184 - app - INFO - Scroll 4/15 completed
2025-12-18 13:11:24,308 - app - INFO - Scroll 5/15 completed
2025-12-18 13:11:26,394 - app - INFO - Scroll 6/15 completed
2025-12-18 13:11:28,497 - app - INFO - Scroll 7/15 completed
2025-12-18 13:11:30,565 - app - INFO - Scroll 8/15 completed
2025-12-18 13:11:32,634 - app - INFO - Scroll 9/15 completed
2025-12-18 13:11:34,716 - app - INFO - Scroll 10/15 completed
2025-12-18 13:11:36,782 - app - INFO - Scroll 11/15 completed
2025-12-18 13:11:38,841 - app - INFO - Scroll 12/15 completed
2025-12-18 13:11:40,904 - app - INFO - Scroll 13/15 completed
2025-12-18 13:11:42,966 - app - INFO - Scroll 14/15 completed
2025-12-18 13:11:45,045 - app - INFO - Scroll 15/15 completed
2025-12-18 13:11:45,147 - app - INFO - ✅ Successfully scraped 61 comments from https://weibo.com/6909568361/QiEkx50Js?refer_flag=1001030103_
2025-12-18 13:11:45,148 - app - INFO - 💾 Inserting scraped data into the database...: [{'unnamed': None, 'user_name': '石堡城资深歪歪', 'publication_date': '2025-12-16 12:00:00', 'content': '#留学开始追求高性价比##教育的力量#\n昨天晚上砍刀和一个刚来新区上班的高中同学约了个饭，回到家他跟我聊起高中时光，说起那三年最纯粹的拼搏岁月，感慨那段岁月里并肩奋斗的同学们现在都何去何从\n\n在他众多同窗里，有一位叫Z的同学\n\n砍刀是2011年考入县一中，2014年毕业考入北师大的，他和Z高二分科后同在理科实验班，Z数理化学的非常好，班主任不止一次在班里夸他，说只要正常发挥，冲刺顶尖985完全没问题\n\n可命运总难免有意外，2014年高考，Z高考发挥失常，考到了较远省份的一所非常普通的一本。进入大学后，Z消沉了一段时间，砍刀说偶尔和他联系，能感觉到他的低落，可没过多久，Z就重新振作了起来。他知道高考的遗憾无法弥补，就想着出国留学，继续深造，因为Z是县城普通家庭，到欧美留学的经济压力较大，德国公立大学基本免学费，仅需承担注册费（应该每年几百欧元即可）。且理工科、机械、材料、医学等学科全球顶尖，他本人的优势也在理工科，他就确定了到德国留学的目标\n\n随后Z同学表现出了超强的执行力，0基础自学德福，同时也不放松专业学习，保证成绩和学术成果达标，砍刀说感觉他那段时间的压力完全超过高考\n\n最终功夫不负有心人，Z同学成功到德国读研，但是德国大学奉行“宽进严出”的原则，课程考核严格、科研任务繁重，Z同学到了德国，面临了更大的压力，文化认同、社交融入、学术压力等等，经常向砍刀各种倾诉\n\n之后Z同学在德国继续读博，并于去年顺利毕业，现在回国在一所高校任教，也算是有了一个圆满的结果，砍刀每次提起他，敬佩之情都溢于言表\n\n后来Z同学在跟砍刀聊天的时候说，高考失利和留学这两件事彻彻底底改变了他的人生方向，如果不是这两个转折，或许小县城出生的他也不会有这么丰富的人生经历，更不会有现在的成绩\n\n但是像自己这种普通家庭出来的孩子，财富背景绝对无法支持自己出国留学的昂贵费用，在校园选择、个人努力、甚至求学过程中一个失误，就足够把他完全压垮\n\n听完Z的故事我感触很深，我觉得人生只有困境没有定局，人很坚强也很聪明，总有路可以走，困难的时候使劲往前走就行，走着走着就会走出泥潭走到坦途', 'shared_count': '37', 'comment_count': '151', 'like_count': '1173', 'link1': 'https://weibo.com/6909568361/QiEkx50Js?refer_flag=1001030103_', 'link2': None, 'content_segmented': None, 'is_agriculture_related': None, 'index_number': None, 'comments': '[{"username": "葉家小榕儿", "content": "是的，有困境没有定局", "time": "2025-12-16 00:00:00", "likes": "0"}, {"username": "最幸运的一块精小排", "content": "这也太厉害了！", "time": "2025-12-16 00:00:00", "likes": "0"}, {"username": "七七的烟火人间", "content": "确实是这样的", "time": "2025-12-16 00:00:00", "likes": "0"}, {"username": "夏天不怕热hot", "content": "德国留学，含金量很高了", "time": "2025-12-16 00:00:00", "likes": "0"}, {"username": "梦小暖小小兔", "content": "真好，靠自己走出了人生的路。", "time": "2025-12-16 00:00:00", "likes": "0"}, {"username": "大米和汉堡的妈", "content": "最后一句共勉，长辈老话：日子是越过越好的", "time": "2025-12-16 00:00:00", "likes": "0"}, {"username": "范范very幸运", "content": "真的太厉害了", "time": "2025-12-16 00:00:00", "likes": "0"}, {"username": "verylucky开开心心的77", "content": "在微博上看到百味人生真好", "time": "2025-12-16 00:00:00", "likes": "0"}, {"username": "六个耳洞的YY", "content": "最后一段说得真好！", "time": "2025-12-16 00:00:00", "likes": "0"}, {"username": "Verylucky小顺顺", "content": "人生只有困境没有定局，说的真的很对", "time": "2025-12-16 00:00:00", "likes": "0"}, {"username": "一串儿黄鱼喂喵喵", "content": "好牛好强", "time": "2025-12-16 00:00:00", "likes": "0"}, {"username": "老實不想往來verylucky", "content": "回來薪水有比較高嗎，雖然德國有單身稅……", "time": "2025-12-16 00:00:00", "likes": "0"}, {"username": "verylucky7yuehan", "content": "好厉害", "time": "2025-12-16 00:00:00", "likes": "0"}, {"username": "莲藕童鞋201608", "content": "z好厉害", "time": "2025-12-16 00:00:00", "likes": "0"}, {"username": "zz爱开心", "content": "哇砍刀提前了一年上学嘛，我是97下半年的，是16届的", "time": "2025-12-17 00:00:00", "likes": "0"}, {"username": "幸运的milkZC", "content": "“人总有路可以走，困难的时候使劲往前走就行，走着走着就会走出泥潭走到坦途。”歪歪你真的太会写了，这段话写到了我的心坎中。", "time": "2025-12-16 00:00:00", "likes": "0"}, {"username": "Verylucky俏俏糖", "content": "歪歪你说的好好！", "time": "2025-12-16 00:00:00", "likes": "0"}, {"username": "Lykkeeeeeee", "content": "他真的好厉害", "time": "2025-12-16 00:00:00", "likes": "0"}, {"username": "圏圈圜圆", "content": "是在河大当老师吗？保定高校，河大还挺出名的", "time": "2025-12-16 00:00:00", "likes": "0"}, {"username": "PP小点儿", "content": "你真的好会学 ，喜欢你的文字，真情实感又有力量还带着善良", "time": "2025-12-17 00:00:00", "likes": "0"}, {"username": "酸果子酱伴凉面", "content": "人生只有困境，没有定局。很激励的一句话", "time": "2025-12-17 00:00:00", "likes": "0"}, {"username": "赵赵要好运", "content": "", "time": "2025-12-16 00:00:00", "likes": "0"}, {"username": "木木木林众", "content": "歪歪的文笔真的很细腻", "time": "2025-12-16 00:00:00", "likes": "0"}, {"username": "彤彤宝贝的公主小屋", "content": "砍刀人也很好，也许那个时候跟砍刀倾诉倾诉z同学心里的苦楚会得到释放！", "time": "2025-12-16 00:00:00", "likes": "0"}, {"username": "梦里水乡小窝", "content": "我侄女在市最好的高中尖子班，本来保送985的，但她不想去，想自己考个更好，结果考下来连保送的大学还差一分，只好去了一个外地的985，后来保送硕博连读", "time": "2025-12-16 00:00:00", "likes": "0"}, {"username": "大雲Rr", "content": "被那句“人生只有困境没有定局”戳得死死的，我待了半年多了，最近想找工作又提不起兴趣……各种特别乱", "time": "2025-12-16 00:00:00", "likes": "0"}, {"username": "Suiyiaaaaaaaa", "content": "砍刀竟然是97，我95也是2014考的大学", "time": "2025-12-16 00:00:00", "likes": "0"}, {"username": "一条幸运的呆呆鱼", "content": "尊重命运，尽力而为", "time": "2025-12-16 00:00:00", "likes": "0"}, {"username": "双吉不要番茄酱_", "content": "我竟然只比砍刀小一岁[捂脸哭][捂脸哭][捂脸哭]我是15年考大学 至今仍然在大学[捂脸哭][捂脸哭]", "time": "2025-12-16 00:00:00", "likes": "0"}, {"username": "浩浩需要更优秀呀", "content": "高中毕业的时候，一个老师告诉我们：不管前面的路多么难走，总会有路，总会柳暗花明。感觉他在和我们说他的心路历程，虽然这个老师刚大学毕业没几年，却觉得他心理很成熟。这老师教我们一个很副很副的科目，这门课我考的很差，但是他给我留下了很深的印象，现在十五年过去了，我对他记忆犹新", "time": "2025-12-16 00:00:00", "likes": "0"}, {"username": "一西甜", "content": "人生，是不是越往后越累", "time": "2025-12-16 00:00:00", "likes": "0"}, {"username": "能发财是最好啦", "content": "很厉害   心里也强大", "time": "2025-12-16 00:00:00", "likes": "0"}, {"username": "无敌幸运celery", "content": "我好喜欢你的文字阿，你太会表达了", "time": "2025-12-16 00:00:00", "likes": "0"}, {"username": "火星幸运兔子", "content": "最佩服心理强大的人了", "time": "2025-12-16 00:00:00", "likes": "0"}, {"username": "随喜20256", "content": "超常的努力，往往源于清晰的目标与内在驱动力", "time": "2025-12-16 00:00:00", "likes": "0"}, {"username": "幸运的逆袭猫", "content": "妈呀冲刺顶尖985的水平只考了普通一本不复读吗，好亏", "time": "2025-12-16 00:00:00", "likes": "0"}, {"username": "嘟嘟爱嘟嘟_", "content": "我也和他差不多，高考失利，所以就服了中外合作，本硕博读完现在也马上去大学工作啦", "time": "2025-12-16 00:00:00", "likes": "0"}, {"username": "是晞玉呀", "content": "砍刀11年上高中 印象中砍刀是97年的 不会14读高中吧", "time": "2025-12-16 00:00:00", "likes": "0"}, {"username": "来杯白开水谢谢", "content": "砍刀比我小一级", "time": "2025-12-16 00:00:00", "likes": "0"}, {"username": "要更努力_会更幸运_", "content": "厉害这心气非常人能及", "time": "2025-12-16 00:00:00", "likes": "0"}, {"username": "无尽海的波浪", "content": "认识北理工的教授说起自己在日本留学时，压力和孤单致使精神疾病，出现幻觉，觉得每个人都要害他。我觉得人生不用全力以赴，很多都是命运，有10分力用7分即可，但在我们这里，哪怕使出12分力都被嫌弃不够励志，很不适合生活的一种文化。", "time": "2025-12-16 00:00:00", "likes": "0"}, {"username": "村妞七七公主", "content": "佩服", "time": "2025-12-16 00:00:00", "likes": "0"}, {"username": "静静de等花开", "content": "人的境遇真的不可预测", "time": "2025-12-16 00:00:00", "likes": "0"}, {"username": "努力叫一个响亮的名字", "content": "看到最后一句深深反思自己现在的困境都只是暂时的！", "time": "2025-12-16 00:00:00", "likes": "0"}, {"username": "LA木", "content": "我也是长大工作以后才知道，原来大家都是拿着父母给的钱出去留学的啊。我在上学的时候，身边认识的人，接触到的人，都是申好几个全奖，不但包学费还给生活费，才出国留学的。。。。也有可能，我们本身很穷，完全接触不到靠家里花钱出国的人。", "time": "2025-12-16 00:00:00", "likes": "0"}, {"username": "不然我请你吃肉", "content": "正在困境里，也正在努力向前", "time": "2025-12-16 00:00:00", "likes": "0"}, {"username": "风吹入黄昏的梦中", "content": "", "time": "2025-12-16 00:00:00", "likes": "0"}, {"username": "车间高级厨子", "content": "好牛啊", "time": "2025-12-16 00:00:00", "likes": "0"}, {"username": "嵋翠扫空", "content": "太棒啦，截屏回去讲给高二的孩子，感觉我也可以有另外的一种可能。", "time": "2025-12-16 00:00:00", "likes": "0"}, {"username": "哎呀跌倒了233", "content": "5.2w粉了", "time": "2025-12-16 00:00:00", "likes": "0"}, {"username": "晴之婉约派", "content": "人生只有困境没有定局，人很坚强也很聪明，总有路可以走，困难的时候使劲往前走就行，走着走着就会走出泥潭走到坦途", "time": "2025-12-16 00:00:00", "likes": "0"}, {"username": "--快乐小神仙--_", "content": "真是很厉害的人", "time": "2025-12-16 00:00:00", "likes": "0"}, {"username": "光合佑竹", "content": "佩服", "time": "2025-12-16 00:00:00", "likes": "0"}, {"username": "简哒之", "content": "人生只有困境没有定局，说得太好了", "time": "2025-12-16 00:00:00", "likes": "0"}, {"username": "窈窕不淑女吧", "content": "好佩服这种目标明确又坚韧不拔的人", "time": "2025-12-16 00:00:00", "likes": "0"}, {"username": "我的花和焰火", "content": "真没想到砍刀比我还小一岁", "time": "2025-12-16 00:00:00", "likes": "0"}, {"username": "青豆在科孚岛", "content": "感觉国内高校也不是很好混的。。。", "time": "2025-12-16 00:00:00", "likes": "0"}, {"username": "追风筝的na", "content": "Z同学很牛！", "time": "2025-12-16 00:00:00", "likes": "0"}, {"username": "幸运小Mon", "content": "厉害👍", "time": "2025-12-16 00:00:00", "likes": "0"}, {"username": "你的伦敦在英国", "content": "发现我跟砍刀是同一级的，都是14年上大学，保定一家人更亲切了", "time": "2025-12-16 00:00:00", "likes": "0"}, {"username": "心狠酒辣", "content": "人生只有困境没有定局", "time": "2025-12-16 00:00:00", "likes": "0"}]'}]
2025-12-18 13:11:45,154 - app - INFO - 🗑️ Closing browser.
2025-12-18 13:11:45,332 - app - INFO - Prepare to scrape url: https://www.iesdouyin.com/share/video/7187931416846470432/?region=CN&mid=7187931480960650040&u_code=0&did=MS4wLjABAAAAEgA3IqD_MIjIfGy6zOnHPvYw8uUq3D_bCeOv6Y_N8KTJGEPShYAqjQxwREcFMQYT&iid=MS4wLjABAAAAEnS7N_3M4gPZyLCNkitU4UYHId51pM1Jur0-PDsVEHc8h3js_lCCrXXqUTvtXCDq&with_sec_did=1&titleType=title&share_sign=S4Fu2SVL3VBqIFaOhO46QHxxDRzFERpNYjA8CRXucRM-&share_version=110900&ts=1716365656&from_aid=2955&from_ssr=1
2025-12-18 13:11:45,333 - app - INFO - 🚀 Launching Playwright browser...
2025-12-18 13:11:45,334 - app - INFO - Target url: https://www.iesdouyin.com/share/video/7187931416846470432/?region=CN&mid=7187931480960650040&u_code=0&did=MS4wLjABAAAAEgA3IqD_MIjIfGy6zOnHPvYw8uUq3D_bCeOv6Y_N8KTJGEPShYAqjQxwREcFMQYT&iid=MS4wLjABAAAAEnS7N_3M4gPZyLCNkitU4UYHId51pM1Jur0-PDsVEHc8h3js_lCCrXXqUTvtXCDq&with_sec_did=1&titleType=title&share_sign=S4Fu2SVL3VBqIFaOhO46QHxxDRzFERpNYjA8CRXucRM-&share_version=110900&ts=1716365656&from_aid=2955&from_ssr=1
2025-12-18 13:12:15,755 - app - INFO - Prepare to scrape url: https://www.douyin.com/video/7573624387509685504
2025-12-18 13:12:15,756 - app - INFO - 🚀 Launching Playwright browser...
2025-12-18 13:12:15,756 - app - INFO - Target url: https://www.douyin.com/video/7573624387509685504
2025-12-18 13:12:29,961 - app - INFO - 🔍 Starting comment extraction (max: 20)...
2025-12-18 13:12:29,961 - app - INFO - 📜 Scrolling to load comments...
2025-12-18 13:12:31,972 - app - INFO - Scroll 1/3 completed
2025-12-18 13:12:33,986 - app - INFO - Scroll 2/3 completed
2025-12-18 13:12:35,995 - app - INFO - Scroll 3/3 completed
2025-12-18 13:12:35,998 - app - INFO - ✅ Found 5 comments using selector: [data-e2e="comment-item"]
2025-12-18 13:12:36,010 - app - INFO - ✅ Successfully extracted 5 comments
2025-12-18 13:12:36,011 - app - INFO - 💾 Inserting scraped data into the database...: [{'unnamed': None, 'user_name': '阿伟讲电影', 'publication_date': '2025-11-17 18:30:00', 'content': '第1集 | 不止是童话！拆解《疯狂动物城》里的社会隐喻与彩蛋 #疯狂动物城 #疯狂动物城2 #电影解说', 'shared_count': 93000.0, 'comment_count': 5718.0, 'like_count': 398000.0, 'link1': 'https://www.douyin.com/video/7573624387509685504', 'link2': None, 'content_segmented': None, 'is_agriculture_related': None, 'index_number': None, 'comments': '[{"username": "@是晓慧吖", "content": "一想到到时候有人买错票，看成疯狂电脑城就想笑", "time": "2025-12-04 00:00:00", "likes": "3696"}, {"username": "甜甜吖", "content": "疯狂动物城官方：友情！", "time": "2025-11-27 00:00:00", "likes": "3732"}, {"username": "高山是我@", "content": "什么时候上映啊， 可以找时间去看电影2了。", "time": "2025-11-27 00:00:00", "likes": "38"}, {"username": "半糖拿铁", "content": "等上映", "time": "2025-11-27 00:00:00", "likes": "76"}, {"username": "疯狂摄手rich", "content": "疯狂动物城1出的时候我好像才五年级，现在已经快大学毕业了", "time": "2025-11-18 00:00:00", "likes": "1781"}]'}]
2025-12-18 13:15:04,983 - app - INFO - connect to database successful: data.db
2025-12-18 13:15:04,983 - app - INFO - Prepare to scrape url: https://weibo.com/6558766829/5002849896104598
2025-12-18 13:15:04,983 - app - INFO - 🚀 Launching Playwright browser...
2025-12-18 13:15:04,983 - app - INFO - Target url: https://weibo.com/6558766829/5002849896104598
2025-12-18 13:15:11,381 - app - INFO - 🔍 Page content loaded, starting data extraction...
2025-12-18 13:15:11,397 - app - INFO - 🔎 Scraping comments for: https://weibo.com/6558766829/5002849896104598
2025-12-18 13:15:12,404 - app - INFO - 📜 Scrolling to load comments...
2025-12-18 13:15:14,415 - app - INFO - Scroll 1/232 completed
2025-12-18 13:15:16,452 - app - INFO - Scroll 2/232 completed
2025-12-18 13:15:18,494 - app - INFO - Scroll 3/232 completed
2025-12-18 13:15:20,547 - app - INFO - Scroll 4/232 completed
2025-12-18 13:15:22,589 - app - INFO - Scroll 5/232 completed
2025-12-18 13:15:24,617 - app - INFO - Scroll 6/232 completed
2025-12-18 13:15:26,654 - app - INFO - Scroll 7/232 completed
2025-12-18 13:15:28,691 - app - INFO - Scroll 8/232 completed
2025-12-18 13:15:30,730 - app - INFO - Scroll 9/232 completed
2025-12-18 13:15:32,772 - app - INFO - Scroll 10/232 completed
2025-12-18 13:15:34,859 - app - INFO - Scroll 11/232 completed
2025-12-18 13:15:36,900 - app - INFO - Scroll 12/232 completed
2025-12-18 13:15:38,966 - app - INFO - Scroll 13/232 completed
2025-12-18 13:15:41,006 - app - INFO - Scroll 14/232 completed
2025-12-18 13:15:43,043 - app - INFO - Scroll 15/232 completed
2025-12-18 13:15:45,080 - app - INFO - Scroll 16/232 completed
2025-12-18 13:15:47,120 - app - INFO - Scroll 17/232 completed
2025-12-18 13:15:49,177 - app - INFO - Scroll 18/232 completed
2025-12-18 13:15:51,206 - app - INFO - Scroll 19/232 completed
2025-12-18 13:15:53,263 - app - INFO - Scroll 20/232 completed
2025-12-18 13:15:55,302 - app - INFO - Scroll 21/232 completed
2025-12-18 13:15:57,337 - app - INFO - Scroll 22/232 completed
2025-12-18 13:15:59,370 - app - INFO - Scroll 23/232 completed
2025-12-18 13:16:01,406 - app - INFO - Scroll 24/232 completed
2025-12-18 13:16:03,700 - app - INFO - Scroll 25/232 completed
2025-12-18 13:16:06,716 - app - INFO - Scroll 26/232 completed
2025-12-18 13:16:09,764 - app - INFO - Scroll 27/232 completed
2025-12-18 13:16:12,807 - app - INFO - Scroll 28/232 completed
2025-12-18 13:16:15,824 - app - INFO - Scroll 29/232 completed
2025-12-18 13:16:18,827 - app - INFO - Scroll 30/232 completed
2025-12-18 13:16:21,873 - app - INFO - Scroll 31/232 completed
2025-12-18 13:16:24,891 - app - INFO - Scroll 32/232 completed
2025-12-18 13:16:27,919 - app - INFO - Scroll 33/232 completed
2025-12-18 13:16:30,976 - app - INFO - Scroll 34/232 completed
2025-12-18 13:16:33,966 - app - INFO - Scroll 35/232 completed
2025-12-18 13:16:36,012 - app - INFO - Scroll 36/232 completed
2025-12-18 13:16:38,062 - app - INFO - Scroll 37/232 completed
2025-12-18 13:16:40,101 - app - INFO - Scroll 38/232 completed
2025-12-18 13:16:42,144 - app - INFO - Scroll 39/232 completed
2025-12-18 13:16:44,179 - app - INFO - Scroll 40/232 completed
2025-12-18 13:16:46,216 - app - INFO - Scroll 41/232 completed
2025-12-18 13:16:48,251 - app - INFO - Scroll 42/232 completed
2025-12-18 13:16:50,286 - app - INFO - Scroll 43/232 completed
2025-12-18 13:16:52,328 - app - INFO - Scroll 44/232 completed
2025-12-18 13:16:54,358 - app - INFO - Scroll 45/232 completed
2025-12-18 13:16:56,398 - app - INFO - Scroll 46/232 completed
2025-12-18 13:16:58,433 - app - INFO - Scroll 47/232 completed
2025-12-18 13:17:00,467 - app - INFO - Scroll 48/232 completed
2025-12-18 13:17:02,497 - app - INFO - Scroll 49/232 completed
2025-12-18 13:17:04,536 - app - INFO - Scroll 50/232 completed
2025-12-18 13:17:06,596 - app - INFO - Scroll 51/232 completed
2025-12-18 13:17:08,624 - app - INFO - Scroll 52/232 completed
2025-12-18 13:17:10,662 - app - INFO - Scroll 53/232 completed
2025-12-18 13:17:12,701 - app - INFO - Scroll 54/232 completed
2025-12-18 13:17:15,370 - app - INFO - Scroll 55/232 completed
2025-12-18 13:17:18,395 - app - INFO - Scroll 56/232 completed
2025-12-18 13:17:21,408 - app - INFO - Scroll 57/232 completed
2025-12-18 13:17:24,433 - app - INFO - Scroll 58/232 completed
2025-12-18 13:17:27,476 - app - INFO - Scroll 59/232 completed
2025-12-18 13:17:29,510 - app - INFO - Scroll 60/232 completed
2025-12-18 13:17:32,506 - app - INFO - Scroll 61/232 completed
2025-12-18 13:17:35,517 - app - INFO - Scroll 62/232 completed
2025-12-18 13:17:38,571 - app - INFO - Scroll 63/232 completed
2025-12-18 13:17:41,608 - app - INFO - Scroll 64/232 completed
2025-12-18 13:17:44,608 - app - INFO - Scroll 65/232 completed
2025-12-18 13:17:46,648 - app - INFO - Scroll 66/232 completed
2025-12-18 13:17:48,686 - app - INFO - Scroll 67/232 completed
2025-12-18 13:17:50,724 - app - INFO - Scroll 68/232 completed
2025-12-18 13:17:52,755 - app - INFO - Scroll 69/232 completed
2025-12-18 13:17:54,786 - app - INFO - Scroll 70/232 completed
2025-12-18 13:17:56,824 - app - INFO - Scroll 71/232 completed
2025-12-18 13:17:58,866 - app - INFO - Scroll 72/232 completed
2025-12-18 13:18:00,907 - app - INFO - Scroll 73/232 completed
2025-12-18 13:18:02,937 - app - INFO - Scroll 74/232 completed
2025-12-18 13:18:04,967 - app - INFO - Scroll 75/232 completed
2025-12-18 13:18:07,007 - app - INFO - Scroll 76/232 completed
2025-12-18 13:18:09,036 - app - INFO - Scroll 77/232 completed
2025-12-18 13:18:11,071 - app - INFO - Scroll 78/232 completed
2025-12-18 13:18:13,117 - app - INFO - Scroll 79/232 completed
2025-12-18 13:18:15,152 - app - INFO - Scroll 80/232 completed
2025-12-18 13:18:17,195 - app - INFO - Scroll 81/232 completed
2025-12-18 13:18:19,926 - app - INFO - Scroll 82/232 completed
2025-12-18 13:18:22,931 - app - INFO - Scroll 83/232 completed
2025-12-18 13:18:25,968 - app - INFO - Scroll 84/232 completed
2025-12-18 13:18:28,023 - app - INFO - Scroll 85/232 completed
2025-12-18 13:18:30,055 - app - INFO - Scroll 86/232 completed
2025-12-18 13:18:32,082 - app - INFO - Scroll 87/232 completed
2025-12-18 13:18:34,191 - app - INFO - Scroll 88/232 completed
2025-12-18 13:18:36,229 - app - INFO - Scroll 89/232 completed
2025-12-18 13:18:38,258 - app - INFO - Scroll 90/232 completed
2025-12-18 13:18:40,315 - app - INFO - Scroll 91/232 completed
2025-12-18 13:18:42,344 - app - INFO - Scroll 92/232 completed
2025-12-18 13:18:44,370 - app - INFO - Scroll 93/232 completed
2025-12-18 13:18:46,403 - app - INFO - Scroll 94/232 completed
2025-12-18 13:18:48,453 - app - INFO - Scroll 95/232 completed
2025-12-18 13:18:50,516 - app - INFO - Scroll 96/232 completed
2025-12-18 13:18:52,575 - app - INFO - Scroll 97/232 completed
2025-12-18 13:18:54,630 - app - INFO - Scroll 98/232 completed
2025-12-18 13:18:56,704 - app - INFO - Scroll 99/232 completed
2025-12-18 13:18:58,762 - app - INFO - Scroll 100/232 completed
2025-12-18 13:19:00,818 - app - INFO - Scroll 101/232 completed
2025-12-18 13:19:02,888 - app - INFO - Scroll 102/232 completed
2025-12-18 13:19:04,955 - app - INFO - Scroll 103/232 completed
2025-12-18 13:19:07,018 - app - INFO - Scroll 104/232 completed
2025-12-18 13:19:09,088 - app - INFO - Scroll 105/232 completed
2025-12-18 13:19:11,142 - app - INFO - Scroll 106/232 completed
2025-12-18 13:19:13,203 - app - INFO - Scroll 107/232 completed
2025-12-18 13:19:15,255 - app - INFO - Scroll 108/232 completed
2025-12-18 13:19:17,330 - app - INFO - Scroll 109/232 completed
2025-12-18 13:19:19,391 - app - INFO - Scroll 110/232 completed
2025-12-18 13:19:21,444 - app - INFO - Scroll 111/232 completed
2025-12-18 13:19:23,503 - app - INFO - Scroll 112/232 completed
2025-12-18 13:19:25,557 - app - INFO - Scroll 113/232 completed
2025-12-18 13:19:27,631 - app - INFO - Scroll 114/232 completed
2025-12-18 13:19:29,685 - app - INFO - Scroll 115/232 completed
2025-12-18 13:19:31,744 - app - INFO - Scroll 116/232 completed
2025-12-18 13:19:33,823 - app - INFO - Scroll 117/232 completed
2025-12-18 13:19:35,890 - app - INFO - Scroll 118/232 completed
2025-12-18 13:19:37,949 - app - INFO - Scroll 119/232 completed
2025-12-18 13:19:40,003 - app - INFO - Scroll 120/232 completed
2025-12-18 13:19:42,060 - app - INFO - Scroll 121/232 completed
2025-12-18 13:19:44,114 - app - INFO - Scroll 122/232 completed
2025-12-18 13:19:46,171 - app - INFO - Scroll 123/232 completed
2025-12-18 13:19:48,286 - app - INFO - Scroll 124/232 completed
2025-12-18 13:19:50,354 - app - INFO - Scroll 125/232 completed
2025-12-18 13:19:52,410 - app - INFO - Scroll 126/232 completed
2025-12-18 13:19:54,468 - app - INFO - Scroll 127/232 completed
2025-12-18 13:19:56,677 - app - INFO - Scroll 128/232 completed
2025-12-18 13:19:59,694 - app - INFO - Scroll 129/232 completed
2025-12-18 13:20:02,703 - app - INFO - Scroll 130/232 completed
2025-12-18 13:20:05,731 - app - INFO - Scroll 131/232 completed
2025-12-18 13:20:08,777 - app - INFO - Scroll 132/232 completed
2025-12-18 13:20:10,872 - app - INFO - Scroll 133/232 completed
2025-12-18 13:20:12,969 - app - INFO - Scroll 134/232 completed
2025-12-18 13:20:15,053 - app - INFO - Scroll 135/232 completed
2025-12-18 13:20:17,153 - app - INFO - Scroll 136/232 completed
2025-12-18 13:20:19,229 - app - INFO - Scroll 137/232 completed
2025-12-18 13:20:21,329 - app - INFO - Scroll 138/232 completed
2025-12-18 13:20:23,425 - app - INFO - Scroll 139/232 completed
2025-12-18 13:20:25,487 - app - INFO - Scroll 140/232 completed
2025-12-18 13:20:27,958 - app - INFO - Scroll 141/232 completed
2025-12-18 13:20:31,003 - app - INFO - Scroll 142/232 completed
2025-12-18 13:20:34,041 - app - INFO - Scroll 143/232 completed
2025-12-18 13:20:37,051 - app - INFO - Scroll 144/232 completed
2025-12-18 13:20:40,069 - app - INFO - Scroll 145/232 completed
2025-12-18 13:20:43,085 - app - INFO - Scroll 146/232 completed
2025-12-18 13:20:46,119 - app - INFO - Scroll 147/232 completed
2025-12-18 13:20:49,139 - app - INFO - Scroll 148/232 completed
2025-12-18 13:20:52,187 - app - INFO - Scroll 149/232 completed
2025-12-18 13:20:55,224 - app - INFO - Scroll 150/232 completed
2025-12-18 13:20:58,245 - app - INFO - Scroll 151/232 completed
2025-12-18 13:21:01,274 - app - INFO - Scroll 152/232 completed
2025-12-18 13:21:04,314 - app - INFO - Scroll 153/232 completed
2025-12-18 13:21:07,369 - app - INFO - Scroll 154/232 completed
2025-12-18 13:21:09,464 - app - INFO - Scroll 155/232 completed
2025-12-18 13:21:11,546 - app - INFO - Scroll 156/232 completed
2025-12-18 13:21:13,635 - app - INFO - Scroll 157/232 completed
2025-12-18 13:21:15,710 - app - INFO - Scroll 158/232 completed
2025-12-18 13:21:17,802 - app - INFO - Scroll 159/232 completed
2025-12-18 13:21:19,885 - app - INFO - Scroll 160/232 completed
2025-12-18 13:21:21,982 - app - INFO - Scroll 161/232 completed
2025-12-18 13:21:24,059 - app - INFO - Scroll 162/232 completed
2025-12-18 13:21:26,159 - app - INFO - Scroll 163/232 completed
2025-12-18 13:21:28,241 - app - INFO - Scroll 164/232 completed
2025-12-18 13:21:30,328 - app - INFO - Scroll 165/232 completed
2025-12-18 13:21:32,407 - app - INFO - Scroll 166/232 completed
2025-12-18 13:21:34,502 - app - INFO - Scroll 167/232 completed
2025-12-18 13:21:36,607 - app - INFO - Scroll 168/232 completed
2025-12-18 13:21:38,719 - app - INFO - Scroll 169/232 completed
2025-12-18 13:21:40,811 - app - INFO - Scroll 170/232 completed
2025-12-18 13:21:42,876 - app - INFO - Scroll 171/232 completed
2025-12-18 13:21:44,957 - app - INFO - Scroll 172/232 completed
2025-12-18 13:21:47,061 - app - INFO - Scroll 173/232 completed
2025-12-18 13:21:49,156 - app - INFO - Scroll 174/232 completed
2025-12-18 13:21:51,217 - app - INFO - Scroll 175/232 completed
2025-12-18 13:21:53,309 - app - INFO - Scroll 176/232 completed
2025-12-18 13:21:55,360 - app - INFO - Scroll 177/232 completed
2025-12-18 13:21:57,447 - app - INFO - Scroll 178/232 completed
2025-12-18 13:21:59,562 - app - INFO - Scroll 179/232 completed
2025-12-18 13:22:01,650 - app - INFO - Scroll 180/232 completed
2025-12-18 13:22:03,728 - app - INFO - Scroll 181/232 completed
2025-12-18 13:22:05,837 - app - INFO - Scroll 182/232 completed
2025-12-18 13:22:07,942 - app - INFO - Scroll 183/232 completed
2025-12-18 13:22:10,048 - app - INFO - Scroll 184/232 completed
2025-12-18 13:22:12,121 - app - INFO - Scroll 185/232 completed
2025-12-18 13:22:14,226 - app - INFO - Scroll 186/232 completed
2025-12-18 13:22:16,291 - app - INFO - Scroll 187/232 completed
2025-12-18 13:22:18,400 - app - INFO - Scroll 188/232 completed
2025-12-18 13:22:20,485 - app - INFO - Scroll 189/232 completed
2025-12-18 13:22:22,588 - app - INFO - Scroll 190/232 completed
2025-12-18 13:22:24,646 - app - INFO - Scroll 191/232 completed
2025-12-18 13:22:26,749 - app - INFO - Scroll 192/232 completed
2025-12-18 13:22:28,859 - app - INFO - Scroll 193/232 completed
2025-12-18 13:22:30,919 - app - INFO - Scroll 194/232 completed
2025-12-18 13:22:33,007 - app - INFO - Scroll 195/232 completed
2025-12-18 13:22:35,097 - app - INFO - Scroll 196/232 completed
2025-12-18 13:22:37,188 - app - INFO - Scroll 197/232 completed
2025-12-18 13:22:39,285 - app - INFO - Scroll 198/232 completed
2025-12-18 13:22:41,346 - app - INFO - Scroll 199/232 completed
2025-12-18 13:22:43,445 - app - INFO - Scroll 200/232 completed
2025-12-18 13:22:45,535 - app - INFO - Scroll 201/232 completed
2025-12-18 13:22:47,621 - app - INFO - Scroll 202/232 completed
2025-12-18 13:22:49,678 - app - INFO - Scroll 203/232 completed
2025-12-18 13:22:51,729 - app - INFO - Scroll 204/232 completed
2025-12-18 13:22:53,817 - app - INFO - Scroll 205/232 completed
2025-12-18 13:22:55,936 - app - INFO - Scroll 206/232 completed
2025-12-18 13:22:58,022 - app - INFO - Scroll 207/232 completed
2025-12-18 13:23:00,117 - app - INFO - Scroll 208/232 completed
2025-12-18 13:23:02,174 - app - INFO - Scroll 209/232 completed
2025-12-18 13:23:04,247 - app - INFO - Scroll 210/232 completed
2025-12-18 13:23:06,332 - app - INFO - Scroll 211/232 completed
2025-12-18 13:23:08,410 - app - INFO - Scroll 212/232 completed
2025-12-18 13:23:10,511 - app - INFO - Scroll 213/232 completed
2025-12-18 13:23:12,561 - app - INFO - Scroll 214/232 completed
2025-12-18 13:23:14,625 - app - INFO - Scroll 215/232 completed
2025-12-18 13:23:16,712 - app - INFO - Scroll 216/232 completed
2025-12-18 13:23:18,789 - app - INFO - Scroll 217/232 completed
2025-12-18 13:23:20,890 - app - INFO - Scroll 218/232 completed
2025-12-18 13:23:22,995 - app - INFO - Scroll 219/232 completed
2025-12-18 13:23:25,072 - app - INFO - Scroll 220/232 completed
2025-12-18 13:23:27,123 - app - INFO - Scroll 221/232 completed
2025-12-18 13:23:29,224 - app - INFO - Scroll 222/232 completed
2025-12-18 13:23:31,287 - app - INFO - Scroll 223/232 completed
2025-12-18 13:23:33,388 - app - INFO - Scroll 224/232 completed
2025-12-18 13:23:35,445 - app - INFO - Scroll 225/232 completed
2025-12-18 13:23:37,560 - app - INFO - Scroll 226/232 completed
2025-12-18 13:23:39,660 - app - INFO - Scroll 227/232 completed
2025-12-18 13:23:41,744 - app - INFO - Scroll 228/232 completed
2025-12-18 13:23:43,796 - app - INFO - Scroll 229/232 completed
2025-12-18 13:23:46,082 - app - INFO - Scroll 230/232 completed
2025-12-18 13:23:48,136 - app - INFO - Scroll 231/232 completed
2025-12-18 13:23:50,185 - app - INFO - Scroll 232/232 completed
2025-12-18 13:23:50,237 - app - INFO - ✅ Successfully scraped 404 comments from https://weibo.com/6558766829/5002849896104598
2025-12-18 13:23:50,238 - app - INFO - 💾 Inserting scraped data into the database...: [{'unnamed': None, 'user_name': '蒙阴新闻前沿', 'publication_date': '2024-02-18 19:30:00', 'content': '晚安超话 夜幕带来新的开始，在黑暗中寻找内心的火花。晚安！#晚安##2024春节山东乡村文化旅游节# \u200b\u200b\u200b', 'shared_count': '11', 'comment_count': '2328', 'like_count': '235', 'link1': 'https://weibo.com/6558766829/5002849896104598', 'link2': None, 'content_segmented': None, 'is_agriculture_related': None, 'index_number': None, 'comments': '[{"username": "乐淇苹果", "content": "晚安", "time": "2024-02-18 00:00:00", "likes": "0"}, {"username": "努力养呆狐", "content": "晚安", "time": "2024-02-18 00:00:00", "likes": "0"}, {"username": "开普勒星际", "content": "晚安，好梦[送福][挂灯笼]", "time": "2024-02-18 00:00:00", "likes": "0"}, {"username": "当阿波罗遇到雅典娜", "content": "晚安，好梦", "time": "2024-02-18 00:00:00", "likes": "0"}, {"username": "许毅岁卿安_成毅不翻不改名版", "content": "蒙蒙晚安", "time": "2024-02-18 00:00:00", "likes": "0"}, {"username": "摆烂的福兔", "content": "晚上好", "time": "2024-02-18 00:00:00", "likes": "0"}, {"username": "晚来情意浓", "content": "晚安啦蒙蒙。", "time": "2024-02-18 00:00:00", "likes": "0"}, {"username": "攻略那条鱼", "content": "晚安", "time": "2024-02-18 00:00:00", "likes": "0"}, {"username": "丶花酒独酌", "content": "愿你如星辰，明亮且美好，晚安啦", "time": "2024-02-18 00:00:00", "likes": "0"}, {"username": "姑苏·一杯倒", "content": "明天见", "time": "2024-02-18 00:00:00", "likes": "0"}, {"username": "丶花酒独酌", "content": "晚安蒙蒙", "time": "2024-02-18 00:00:00", "likes": "0"}, {"username": "不爱恰丸子", "content": "晚安蒙蒙", "time": "2024-02-18 00:00:00", "likes": "0"}, {"username": "湖南鼎城区法院", "content": "晚安", "time": "2024-02-18 00:00:00", "likes": "0"}, {"username": "炸毛椰啵", "content": "晚安", "time": "2024-02-18 00:00:00", "likes": "0"}, {"username": "晒晒小贤", "content": "晚安💤", "time": "2024-02-18 00:00:00", "likes": "0"}, {"username": "_巴乌兰", "content": "晚安", "time": "2024-02-18 00:00:00", "likes": "0"}, {"username": "_巴乌兰", "content": "好梦", "time": "2024-02-18 00:00:00", "likes": "0"}, {"username": "舞青梅", "content": "晚安", "time": "2024-02-18 00:00:00", "likes": "0"}, {"username": "沉默的平凡普通人", "content": "晚安", "time": "2024-02-18 00:00:00", "likes": "0"}, {"username": "攻略那条鱼", "content": "晚安", "time": "2024-02-18 00:00:00", "likes": "0"}, {"username": "陕西宝鸡中院", "content": "晚安微博正文", "time": "2024-02-18 00:00:00", "likes": "0"}, {"username": "吃一口王杰", "content": "晚安", "time": "2024-02-18 00:00:00", "likes": "0"}, {"username": "一個随性的凡人", "content": "晚安", "time": "2024-02-18 00:00:00", "likes": "0"}, {"username": "nie1216", "content": "晚安", "time": "2024-02-18 00:00:00", "likes": "0"}, {"username": "洋葱小贝", "content": "晚安", "time": "2024-02-18 00:00:00", "likes": "0"}, {"username": "林野晚雨", "content": "晚安", "time": "2024-02-18 00:00:00", "likes": "0"}, {"username": "吃一口王杰", "content": "晚安蒙蒙", "time": "2024-02-18 00:00:00", "likes": "0"}, {"username": "日照日报", "content": "晚安", "time": "2024-02-18 00:00:00", "likes": "0"}, {"username": "西铁资讯", "content": "晚安", "time": "2024-02-18 00:00:00", "likes": "0"}, {"username": "冻梨来信", "content": "晚安", "time": "2024-02-18 00:00:00", "likes": "0"}, {"username": "坚不可摧咚咚咚", "content": "晚安", "time": "2024-02-18 00:00:00", "likes": "0"}, {"username": "辣酱煎饼", "content": "晚安", "time": "2024-02-18 00:00:00", "likes": "0"}, {"username": "拾柒盛夏", "content": "晚安", "time": "2024-02-18 00:00:00", "likes": "0"}, {"username": "一元yb", "content": "小蒙晚安", "time": "2024-02-18 00:00:00", "likes": "0"}, {"username": "倦月眠眠", "content": "晚安", "time": "2024-02-18 00:00:00", "likes": "0"}, {"username": "山楂松饼", "content": "晚安", "time": "2024-02-18 00:00:00", "likes": "0"}, {"username": "甜勋baby", "content": "晚安", "time": "2024-02-18 00:00:00", "likes": "0"}, {"username": "小摩女9785", "content": "祝好，晚安", "time": "2024-02-18 00:00:00", "likes": "0"}, {"username": "wanyun10", "content": "晚安蒙蒙", "time": "2024-02-18 00:00:00", "likes": "0"}, {"username": "小摩女9785", "content": "晚安", "time": "2024-02-18 00:00:00", "likes": "0"}, {"username": "7_潇浙_7", "content": "晚安蒙阴", "time": "2024-02-18 00:00:00", "likes": "0"}, {"username": "维达熊的绿茶罐", "content": "蒙蒙晚安", "time": "2024-02-18 00:00:00", "likes": "0"}, {"username": "易拉罐佳佳佳子", "content": "晚安啦", "time": "2024-02-18 00:00:00", "likes": "0"}, {"username": "吹吹风sunny", "content": "好的明天总会到来，今晚你只需安心休息。晚安！", "time": "2024-02-18 00:00:00", "likes": "0"}, {"username": "挽衫h", "content": "晚安", "time": "2024-02-18 00:00:00", "likes": "0"}, {"username": "一颗小为桃", "content": "晚安💤", "time": "2024-02-18 00:00:00", "likes": "0"}, {"username": "乌斯酒", "content": "晚安", "time": "2024-02-18 00:00:00", "likes": "0"}, {"username": "平凡的昕人", "content": "晚安", "time": "2024-02-18 00:00:00", "likes": "0"}, {"username": "GK辣条董事长", "content": "晚安[送福][送福]", "time": "2024-02-18 00:00:00", "likes": "0"}, {"username": "钥女王_Hur", "content": "晚安", "time": "2024-02-18 00:00:00", "likes": "0"}, {"username": "喵星乐子人", "content": "晚安呀[汪洋海蓝比心][汪洋海蓝比心][汪洋海蓝比心]", "time": "2024-02-18 00:00:00", "likes": "0"}, {"username": "Night9785", "content": "晚安", "time": "2024-02-18 00:00:00", "likes": "0"}, {"username": "清莜柒", "content": "晚安，明天开工", "time": "2024-02-18 00:00:00", "likes": "0"}, {"username": "薄薄历险记", "content": "晚安", "time": "2024-02-18 00:00:00", "likes": "0"}, {"username": "广海一小粟", "content": "晚安啦", "time": "2024-02-18 00:00:00", "likes": "0"}, {"username": "蝴蝶伪装枯叶", "content": "晚安💤💤", "time": "2024-02-18 00:00:00", "likes": "0"}, {"username": "超摩驾到", "content": "晚安", "time": "2024-02-18 00:00:00", "likes": "0"}, {"username": "元气少女丸啵", "content": "晚安", "time": "2024-02-18 00:00:00", "likes": "0"}, {"username": "桦皮船-", "content": "好梦，蒙宝", "time": "2024-02-18 00:00:00", "likes": "0"}, {"username": "南方熠颗星", "content": "晚安呀蒙蒙[舞狮][舞狮][舞狮]", "time": "2024-02-18 00:00:00", "likes": "0"}, {"username": "星光璀璨的夜空中最亮的星", "content": "晚安💤", "time": "2024-02-18 00:00:00", "likes": "0"}, {"username": "美牙和Nana", "content": "温柔的夜晚，细腻的梦想，晚安，愿你被幸福环绕！", "time": "2024-02-18 00:00:00", "likes": "0"}, {"username": "不配再费脑力想", "content": "晚安", "time": "2024-02-18 00:00:00", "likes": "0"}, {"username": "hdyj9592", "content": "晚安", "time": "2024-02-18 00:00:00", "likes": "0"}, {"username": "奇儿凌雪", "content": "晚安", "time": "2024-02-18 00:00:00", "likes": "0"}, {"username": "星光璀璨的夜空中最亮的星", "content": "晚安", "time": "2024-02-18 00:00:00", "likes": "0"}, {"username": "探索博博中", "content": "晚安", "time": "2024-02-18 00:00:00", "likes": "0"}, {"username": "金猪黑豹", "content": "晚安", "time": "2024-02-18 00:00:00", "likes": "0"}, {"username": "骑什么追得上老公", "content": "晚安", "time": "2024-02-18 00:00:00", "likes": "0"}, {"username": "小丫666888-望有钱版DAYTOY", "content": "晚安", "time": "2024-02-18 00:00:00", "likes": "0"}, {"username": "童话的小白马", "content": "晚安", "time": "2024-02-18 00:00:00", "likes": "0"}, {"username": "甜甜放映室1", "content": "晚上好", "time": "2024-02-18 00:00:00", "likes": "0"}, {"username": "旖旎妤莀", "content": "晚安好梦", "time": "2024-02-18 00:00:00", "likes": "0"}, {"username": "路在前方8041", "content": "晚安", "time": "2024-02-18 00:00:00", "likes": "0"}, {"username": "小啵呆呆鱼_", "content": "晚安", "time": "2024-02-18 00:00:00", "likes": "0"}, {"username": "som_som_", "content": "晚安💤", "time": "2024-02-18 00:00:00", "likes": "0"}, {"username": "反正我快乐了", "content": "晚安啦", "time": "2024-02-18 00:00:00", "likes": "0"}, {"username": "绿色心情Y_", "content": "晚安[送福]", "time": "2024-02-18 00:00:00", "likes": "0"}, {"username": "美牙和Nana", "content": "晚安好梦", "time": "2024-02-18 00:00:00", "likes": "0"}, {"username": "somnus_xue", "content": "晚安", "time": "2024-02-18 00:00:00", "likes": "0"}, {"username": "元气少女丸啵", "content": "晚安", "time": "2024-02-18 00:00:00", "likes": "0"}, {"username": "懿x一念心清净", "content": "这么早啊，晚安", "time": "2024-02-18 00:00:00", "likes": "0"}, {"username": "互联网便利店", "content": "晚安", "time": "2024-02-18 00:00:00", "likes": "0"}, {"username": "王甜甜啵", "content": "好吧！晚安", "time": "2024-02-18 00:00:00", "likes": "0"}, {"username": "花果园果果", "content": "晚安", "time": "2024-02-18 00:00:00", "likes": "0"}, {"username": "花果山西宝", "content": "晚安", "time": "2024-02-18 00:00:00", "likes": "0"}, {"username": "与花说不可说", "content": "晚安", "time": "2024-02-18 00:00:00", "likes": "0"}, {"username": "来去从容calm", "content": "晚安", "time": "2024-02-18 00:00:00", "likes": "0"}, {"username": "紫苏琉璃_", "content": "晚安", "time": "2024-02-18 00:00:00", "likes": "0"}, {"username": "娜里有个毅", "content": "生命是一段精彩旅程，要活的有自己的样子。晚安蒙蒙", "time": "2024-02-18 00:00:00", "likes": "0"}, {"username": "路人甲非路人乙", "content": "晚安啦", "time": "2024-02-18 00:00:00", "likes": "0"}, {"username": "小狮子68662", "content": "晚安，好梦", "time": "2024-02-18 00:00:00", "likes": "0"}, {"username": "白日旧梦落长空", "content": "晚安💤", "time": "2024-02-18 00:00:00", "likes": "0"}, {"username": "菲菲85858585", "content": "晚安😴", "time": "2024-02-18 00:00:00", "likes": "0"}, {"username": "微1笑_", "content": "晚安", "time": "2024-02-18 00:00:00", "likes": "0"}, {"username": "巨蟹座耶子", "content": "晚安", "time": "2024-02-18 00:00:00", "likes": "0"}, {"username": "85YBH3", "content": "晚安💤", "time": "2024-02-18 00:00:00", "likes": "0"}, {"username": "金毛玲何事秋风悲画扇", "content": "送你一弧弯月，轻道一声晚安🌙", "time": "2024-02-18 00:00:00", "likes": "0"}, {"username": "天天快乐16688", "content": "没什么大事，你就是缺觉，睡醒就好了。晚安", "time": "2024-02-18 00:00:00", "likes": "0"}, {"username": "爱香菜deYB", "content": "晚安", "time": "2024-02-18 00:00:00", "likes": "0"}, {"username": "风投公司员工", "content": "晚安", "time": "2024-02-18 00:00:00", "likes": "0"}, {"username": "85YBH2", "content": "晚安💤", "time": "2024-02-18 00:00:00", "likes": "0"}, {"username": "热心市民福公主", "content": "晚安", "time": "2024-02-18 00:00:00", "likes": "0"}, {"username": "壹壹不是拾壹_", "content": "晚安", "time": "2024-02-18 00:00:00", "likes": "0"}, {"username": "45度生存方式2000", "content": "晚安", "time": "2024-02-18 00:00:00", "likes": "0"}, {"username": "小点点Aduoer", "content": "晚安", "time": "2024-02-18 00:00:00", "likes": "0"}, {"username": "饭团花宝", "content": "晚安", "time": "2024-02-18 00:00:00", "likes": "0"}, {"username": "小可爱Diamond_", "content": "晚安", "time": "2024-02-18 00:00:00", "likes": "0"}, {"username": "一味--愚", "content": "好早", "time": "2024-02-18 00:00:00", "likes": "0"}, {"username": "可是我有恋馒癖", "content": "晚安", "time": "2024-02-18 00:00:00", "likes": "0"}, {"username": "影视周期表", "content": "晚安", "time": "2024-02-18 00:00:00", "likes": "0"}, {"username": "我王一博的老婆", "content": "晚安呀", "time": "2024-02-18 00:00:00", "likes": "0"}, {"username": "守护wyb奶膘", "content": "晚安", "time": "2024-02-18 00:00:00", "likes": "0"}, {"username": "羽梦姬", "content": "晚安", "time": "2024-02-18 00:00:00", "likes": "0"}, {"username": "夜璃悠", "content": "晚安", "time": "2024-02-18 00:00:00", "likes": "0"}, {"username": "爱就是陪伴YiBo", "content": "晚安", "time": "2024-02-18 00:00:00", "likes": "0"}, {"username": "互联网365便利店", "content": "晚安", "time": "2024-02-18 00:00:00", "likes": "0"}, {"username": "晓梦狸", "content": "晚安", "time": "2024-02-18 00:00:00", "likes": "0"}, {"username": "刘雨昕Cx330", "content": "蒙蒙晚安", "time": "2024-02-18 00:00:00", "likes": "0"}, {"username": "香菜绿绵绵冰", "content": "晚安", "time": "2024-02-18 00:00:00", "likes": "0"}, {"username": "白马寺长老", "content": "晚安", "time": "2024-02-18 00:00:00", "likes": "0"}, {"username": "桉九黎", "content": "晚安", "time": "2024-02-18 00:00:00", "likes": "0"}, {"username": "千夜衍", "content": "晚安", "time": "2024-02-18 00:00:00", "likes": "0"}, {"username": "花千栗", "content": "晚安", "time": "2024-02-18 00:00:00", "likes": "0"}, {"username": "奈水焱", "content": "晚安", "time": "2024-02-18 00:00:00", "likes": "0"}, {"username": "-浅梦星河-", "content": "晚安", "time": "2024-02-18 00:00:00", "likes": "0"}, {"username": "青丘v_697", "content": "晚安", "time": "2024-02-18 00:00:00", "likes": "0"}, {"username": "接好泼天的富贵", "content": "晚安", "time": "2024-02-18 00:00:00", "likes": "0"}, {"username": "幸运闯入我的世界", "content": "晚安", "time": "2024-02-18 00:00:00", "likes": "0"}, {"username": "玻璃里碎片", "content": "晚安", "time": "2024-02-18 00:00:00", "likes": "0"}, {"username": "啃一口小白梨", "content": "晚安", "time": "2024-02-18 00:00:00", "likes": "0"}, {"username": "预热渡口", "content": "晚安💤", "time": "2024-02-18 00:00:00", "likes": "0"}, {"username": "王一博的小宝贝hh", "content": "晚安", "time": "2024-02-18 00:00:00", "likes": "0"}, {"username": "吃掉哩", "content": "晚安", "time": "2024-02-18 00:00:00", "likes": "0"}, {"username": "永不失眠的夜-", "content": "晚安", "time": "2024-02-18 00:00:00", "likes": "0"}, {"username": "人生如梦_0619", "content": "晚上好", "time": "2024-02-18 00:00:00", "likes": "0"}, {"username": "生菜大蒜47", "content": "晚安", "time": "2024-02-18 00:00:00", "likes": "0"}, {"username": "给我来一杯猫e头", "content": "晚安晚安啦", "time": "2024-02-18 00:00:00", "likes": "0"}, {"username": "系時行大運oi", "content": "晚安", "time": "2024-02-18 00:00:00", "likes": "0"}, {"username": "妮儿廿", "content": "晚安", "time": "2024-02-18 00:00:00", "likes": "0"}, {"username": "从来不吃香菜50", "content": "晚安", "time": "2024-02-18 00:00:00", "likes": "0"}, {"username": "月儿弯心", "content": "晚安💤晚安💤", "time": "2024-02-18 00:00:00", "likes": "0"}, {"username": "给我来一杯猫e头", "content": "晚安", "time": "2024-02-18 00:00:00", "likes": "0"}, {"username": "真的无语到底要取个什么名字啊", "content": "晚安", "time": "2024-02-18 00:00:00", "likes": "0"}, {"username": "平凡a1234", "content": "晚安", "time": "2024-02-18 00:00:00", "likes": "0"}, {"username": "som_锘", "content": "晚安💤", "time": "2024-02-18 00:00:00", "likes": "0"}, {"username": "BoBo-green", "content": "晚安", "time": "2024-02-18 00:00:00", "likes": "0"}, {"username": "Labubuya", "content": "晚安💤", "time": "2024-02-18 00:00:00", "likes": "0"}, {"username": "柠檬碎西瓜", "content": "晚安", "time": "2024-02-18 00:00:00", "likes": "0"}, {"username": "一啵丸酱", "content": "晚安", "time": "2024-02-18 00:00:00", "likes": "0"}, {"username": "猫猫公子啊", "content": "晚安", "time": "2024-02-18 00:00:00", "likes": "0"}, {"username": "安安迟-演唱会真有票版", "content": "晚安", "time": "2024-02-18 00:00:00", "likes": "0"}, {"username": "不悔21KK", "content": "晚安好梦", "time": "2024-02-18 00:00:00", "likes": "0"}, {"username": "林同学的柒柒", "content": "晚安", "time": "2024-02-18 00:00:00", "likes": "0"}, {"username": "我家蓝猫糖果", "content": "晚安 好梦哦", "time": "2024-02-18 00:00:00", "likes": "0"}, {"username": "脱粉回踩bot3", "content": "晚安", "time": "2024-02-18 00:00:00", "likes": "0"}, {"username": "罐装香菜_", "content": "晚安", "time": "2024-02-18 00:00:00", "likes": "0"}, {"username": "Anonymous_oooo", "content": "晚安", "time": "2024-02-18 00:00:00", "likes": "0"}, {"username": "佩沛pei", "content": "晚安蒙蒙", "time": "2024-02-18 00:00:00", "likes": "0"}, {"username": "龙辞影", "content": "晚安", "time": "2024-02-18 00:00:00", "likes": "0"}, {"username": "-聽聞你在漠北孤城-", "content": "正在吃饭开工第一顿", "time": "2024-02-18 00:00:00", "likes": "0"}, {"username": "啵啵的大大大姐", "content": "晚安", "time": "2024-02-18 00:00:00", "likes": "0"}, {"username": "85度啵啵热烈一夏", "content": "晚安", "time": "2024-02-18 00:00:00", "likes": "0"}, {"username": "竹叶青青青本青", "content": "晚安，明天又是新的开始", "time": "2024-02-18 00:00:00", "likes": "0"}, {"username": "离离圆雪梨n", "content": "晚安", "time": "2024-02-18 00:00:00", "likes": "0"}, {"username": "太布可思议啦", "content": "晚安", "time": "2024-02-18 00:00:00", "likes": "0"}, {"username": "HaaGogogo", "content": "晚安", "time": "2024-02-18 00:00:00", "likes": "0"}, {"username": "可理颗粒", "content": "晚安", "time": "2024-02-18 00:00:00", "likes": "0"}, {"username": "王八炖虾一锅糊", "content": "晚安", "time": "2024-02-18 00:00:00", "likes": "0"}, {"username": "酸菜海带辣味包_养耗版", "content": "晚安", "time": "2024-02-18 00:00:00", "likes": "0"}, {"username": "YiBo是颗小甜豆", "content": "晚安", "time": "2024-02-18 00:00:00", "likes": "0"}, {"username": "爱王一博呀97", "content": "晚安", "time": "2024-02-18 00:00:00", "likes": "0"}, {"username": "跳跳糖歪歪90", "content": "晚安", "time": "2024-02-18 00:00:00", "likes": "0"}, {"username": "跳跳糖歪歪90", "content": "☺️", "time": "2024-02-18 00:00:00", "likes": "0"}, {"username": "水晶葡萄好吃送给你哦", "content": "晚安啦", "time": "2024-02-18 00:00:00", "likes": "0"}, {"username": "关于小熊的事r", "content": "晚安啦", "time": "2024-02-18 00:00:00", "likes": "0"}, {"username": "欧迈嘎Top", "content": "晚安", "time": "2024-02-18 00:00:00", "likes": "0"}, {"username": "竹叶青85号r8", "content": "晚安", "time": "2024-02-18 00:00:00", "likes": "0"}, {"username": "岁月跑在灵魂的前面", "content": "晚安💤", "time": "2024-02-18 00:00:00", "likes": "0"}, {"username": "Non_inductive", "content": "晚安", "time": "2024-02-18 00:00:00", "likes": "0"}, {"username": "忆古今争朝夕", "content": "晚安", "time": "2024-02-18 00:00:00", "likes": "0"}, {"username": "枕边人_1", "content": "晚安💤", "time": "2024-02-18 00:00:00", "likes": "0"}, {"username": "麻酱拌博啵", "content": "晚安蒙蒙💤", "time": "2024-02-18 00:00:00", "likes": "0"}, {"username": "布丁冻梨money", "content": "晚安💤", "time": "2024-02-18 00:00:00", "likes": "0"}, {"username": "爱吃奶膘-", "content": "晚安", "time": "2024-02-18 00:00:00", "likes": "0"}, {"username": "风起雾凝秋", "content": "晚上好", "time": "2024-02-18 00:00:00", "likes": "0"}, {"username": "超爱酷博博", "content": "晚安", "time": "2024-02-18 00:00:00", "likes": "0"}, {"username": "乌乌乌乌乌梅凉", "content": "晚安ヾ(@ ˘ω˘ @)ノ", "time": "2024-02-18 00:00:00", "likes": "0"}, {"username": "每天都在笑笑的笑笑", "content": "晚安", "time": "2024-02-18 00:00:00", "likes": "0"}, {"username": "沙漠一只貂cc", "content": "晚安", "time": "2024-02-18 00:00:00", "likes": "0"}, {"username": "aa诸葛亮晶晶", "content": "晚安", "time": "2024-02-18 00:00:00", "likes": "0"}, {"username": "sgisvcfsukb", "content": "晚安", "time": "2024-02-18 00:00:00", "likes": "0"}, {"username": "八倍镜-YIBOO", "content": "晚安", "time": "2024-02-18 00:00:00", "likes": "0"}, {"username": "凌欣85", "content": "晚安", "time": "2024-02-18 00:00:00", "likes": "0"}, {"username": "王甜甜甜啵", "content": "晚安", "time": "2024-02-18 00:00:00", "likes": "0"}, {"username": "稀罕小猪宝", "content": "晚安", "time": "2024-02-18 00:00:00", "likes": "0"}, {"username": "携星月予你", "content": "晚安", "time": "2024-02-18 00:00:00", "likes": "0"}, {"username": "幸福像花儿一样79049", "content": "晚安💤", "time": "2024-02-18 00:00:00", "likes": "0"}, {"username": "人间失声消沾", "content": "晚安", "time": "2024-02-18 00:00:00", "likes": "0"}, {"username": "诗落满晴", "content": "晚安", "time": "2024-02-18 00:00:00", "likes": "0"}, {"username": "Wangai王", "content": "晚安", "time": "2024-02-18 00:00:00", "likes": "0"}, {"username": "超级想念甜甜呀", "content": "晚安┗( ˘ω˘ )┛", "time": "2024-02-18 00:00:00", "likes": "0"}, {"username": "绥目流星", "content": "晚安小萌", "time": "2024-02-18 00:00:00", "likes": "0"}, {"username": "灯瞳123啵赞", "content": "晚安", "time": "2024-02-19 00:00:00", "likes": "0"}, {"username": "kgsunlion", "content": "晚安", "time": "2024-02-18 00:00:00", "likes": "0"}, {"username": "谁拿着我手机", "content": "晚安", "time": "2024-02-18 00:00:00", "likes": "0"}, {"username": "秋高气爽xy", "content": "祝好，晚安", "time": "2024-02-21 00:00:00", "likes": "0"}, {"username": "鲜衣怒马热烈少年", "content": "晚安", "time": "2024-02-21 00:00:00", "likes": "0"}, {"username": "花开无名洛城南23", "content": "晚安了呢", "time": "2024-02-21 00:00:00", "likes": "0"}, {"username": "王小波好可爱", "content": "晚安💤", "time": "2024-02-21 00:00:00", "likes": "0"}, {"username": "旅行家trvlr", "content": "祝好，晚安", "time": "2024-02-21 00:00:00", "likes": "0"}, {"username": "水浒一号no1", "content": "晚安啦", "time": "2024-02-21 00:00:00", "likes": "0"}, {"username": "小摩女9785", "content": "晚安了", "time": "2024-02-21 00:00:00", "likes": "0"}, {"username": "四月天yyds", "content": "晚安💤", "time": "2024-02-21 00:00:00", "likes": "0"}, {"username": "蜂蜜有喜茶", "content": "晚安了呢", "time": "2024-02-21 00:00:00", "likes": "0"}, {"username": "小狗守门员", "content": "晚安了呢", "time": "2024-02-21 00:00:00", "likes": "0"}, {"username": "甲壳虫Btls", "content": "晚安了", "time": "2024-02-21 00:00:00", "likes": "0"}, {"username": "白日旧梦落长空", "content": "晚安", "time": "2024-02-21 00:00:00", "likes": "0"}, {"username": "黑夜的眼睛有光明", "content": "晚安了呢", "time": "2024-02-21 00:00:00", "likes": "0"}, {"username": "幻境bba", "content": "晚安💤", "time": "2024-02-21 00:00:00", "likes": "0"}, {"username": "猫头鹰喜欢玩乌龟", "content": "晚安", "time": "2024-02-21 00:00:00", "likes": "0"}, {"username": "修勾修狗休", "content": "晚安了呢", "time": "2024-02-21 00:00:00", "likes": "0"}, {"username": "奶牛猫成长计划", "content": "晚安", "time": "2024-02-20 00:00:00", "likes": "0"}, {"username": "猫物语呜呜呜", "content": "晚安了", "time": "2024-02-21 00:00:00", "likes": "0"}, {"username": "真q了", "content": "晚安💤", "time": "2024-02-21 00:00:00", "likes": "0"}, {"username": "饭团配花生", "content": "晚安啦", "time": "2024-02-21 00:00:00", "likes": "0"}, {"username": "自由的快乐的健康的", "content": "晚安", "time": "2024-02-19 00:00:00", "likes": "0"}, {"username": "霞霞_20609", "content": "晚安", "time": "2024-02-19 00:00:00", "likes": "0"}, {"username": "微醺-yl", "content": "晚安", "time": "2024-02-18 00:00:00", "likes": "0"}, {"username": "元宝阿七", "content": "晚安", "time": "2024-02-19 00:00:00", "likes": "0"}, {"username": "甜蜜的时光_", "content": "晚安💤", "time": "2024-02-19 00:00:00", "likes": "0"}, {"username": "极品春酱", "content": "晚安💤", "time": "2024-02-19 00:00:00", "likes": "0"}, {"username": "元气添添", "content": "晚安", "time": "2024-02-19 00:00:00", "likes": "0"}, {"username": "垛庄镇石马庄", "content": "", "time": "2024-02-19 00:00:00", "likes": "0"}, {"username": "鸣于九皋声于野", "content": "晚安", "time": "2024-02-18 00:00:00", "likes": "0"}, {"username": "豆豆47881", "content": "晚安", "time": "2024-02-18 00:00:00", "likes": "0"}, {"username": "冲浪选手zzy", "content": "晚安", "time": "2024-02-18 00:00:00", "likes": "0"}, {"username": "琳果鱼", "content": "晚安[送福]", "time": "2024-02-18 00:00:00", "likes": "0"}, {"username": "王甜甜甜甜甜啵", "content": "好梦", "time": "2024-02-18 00:00:00", "likes": "0"}, {"username": "唯艾e博", "content": "晚安，好梦呀！💚💚💚", "time": "2024-02-18 00:00:00", "likes": "0"}, {"username": "养猪的小仙女L", "content": "晚安", "time": "2024-02-18 00:00:00", "likes": "0"}, {"username": "太行山下小姜楠", "content": "晚安", "time": "2024-02-18 00:00:00", "likes": "0"}, {"username": "二次元de果果", "content": "蒙蒙晚安┗( ˘ω˘ )┛", "time": "2024-02-18 00:00:00", "likes": "0"}, {"username": "王甜甜甜甜甜甜啵", "content": "晚安", "time": "2024-02-18 00:00:00", "likes": "0"}, {"username": "甜甜甜甜甜甜甜甜酷盖王队长", "content": "晚安🌛", "time": "2024-02-18 00:00:00", "likes": "0"}, {"username": "甜甜甜甜甜甜甜酷盖王队长", "content": "晚安晚安", "time": "2024-02-18 00:00:00", "likes": "0"}, {"username": "甜甜甜甜甜酷盖王队长", "content": "晚安，好梦！", "time": "2024-02-18 00:00:00", "likes": "0"}, {"username": "甜甜甜甜甜甜甜甜甜甜酷盖王队长", "content": "好的，晚安", "time": "2024-02-18 00:00:00", "likes": "0"}, {"username": "甜甜甜甜酷盖王队长", "content": "晚安咯", "time": "2024-02-18 00:00:00", "likes": "0"}, {"username": "热火朝天_32137", "content": "晚安吧", "time": "2024-02-18 00:00:00", "likes": "0"}, {"username": "甜甜甜甜甜甜酷盖王队长", "content": "好的，晚安", "time": "2024-02-18 00:00:00", "likes": "0"}, {"username": "甜甜甜甜甜甜甜甜甜酷盖王队长", "content": "晚安🌛", "time": "2024-02-18 00:00:00", "likes": "0"}, {"username": "甜甜甜酷盖王队长", "content": "晚安咯", "time": "2024-02-18 00:00:00", "likes": "0"}, {"username": "喜欢吃香菜的人", "content": "晚安", "time": "2024-02-18 00:00:00", "likes": "0"}, {"username": "甜甜酷盖王队长", "content": "晚安晚安", "time": "2024-02-18 00:00:00", "likes": "0"}, {"username": "凌晨两点开始想你", "content": "晚安", "time": "2024-02-18 00:00:00", "likes": "0"}, {"username": "毅心拥抱生活", "content": "愿你卸去一天的重负，愿你美梦成真。晚安蒙蒙", "time": "2024-02-18 00:00:00", "likes": "0"}, {"username": "雨纷纷草木深123", "content": "晚安", "time": "2024-02-18 00:00:00", "likes": "0"}, {"username": "酒叁柒意", "content": "晚安啦", "time": "2024-02-18 00:00:00", "likes": "0"}, {"username": "一代天骄成吉思汉", "content": "晚安", "time": "2024-02-18 00:00:00", "likes": "0"}, {"username": "是-17de果果呀", "content": "蒙蒙晚安呀", "time": "2024-02-18 00:00:00", "likes": "0"}, {"username": "AAAA鹏飞修车店", "content": "晚安", "time": "2024-02-18 00:00:00", "likes": "0"}, {"username": "123冲浪大盆w", "content": "晚安", "time": "2024-02-18 00:00:00", "likes": "0"}, {"username": "怪我咯1234566", "content": "晚安[挂灯笼][挂灯笼][挂灯笼]", "time": "2024-02-18 00:00:00", "likes": "0"}, {"username": "王甜甜超好吃", "content": "晚安", "time": "2024-02-18 00:00:00", "likes": "0"}, {"username": "元气小啵没烦恼", "content": "晚安", "time": "2024-02-18 00:00:00", "likes": "0"}, {"username": "暴躁小程記", "content": "晚安晚安", "time": "2024-02-18 00:00:00", "likes": "0"}, {"username": "月月yaya23", "content": "晚安💤", "time": "2024-02-18 00:00:00", "likes": "0"}, {"username": "月月呀24", "content": "晚安💤", "time": "2024-02-18 00:00:00", "likes": "0"}, {"username": "_忽晚2号", "content": "晚安", "time": "2024-02-18 00:00:00", "likes": "0"}, {"username": "博博酱的姐姐", "content": "晚安", "time": "2024-02-18 00:00:00", "likes": "0"}, {"username": "_忽晚5号", "content": "晚安", "time": "2024-02-18 00:00:00", "likes": "0"}, {"username": "_迟遇2号", "content": "晚安", "time": "2024-02-18 00:00:00", "likes": "0"}, {"username": "_忽晚1号", "content": "晚安", "time": "2024-02-18 00:00:00", "likes": "0"}, {"username": "85号博博间", "content": "晚安", "time": "2024-02-18 00:00:00", "likes": "0"}, {"username": "是小程小程w", "content": "晚安", "time": "2024-02-18 00:00:00", "likes": "0"}, {"username": "_忽晚3号", "content": "晚安啦", "time": "2024-02-18 00:00:00", "likes": "0"}, {"username": "上春春春山", "content": "晚安", "time": "2024-02-18 00:00:00", "likes": "0"}, {"username": "兔牙的水晶小狗", "content": "晚安[舞狮]", "time": "2024-02-18 00:00:00", "likes": "0"}, {"username": "这过了野", "content": "晚安蒙蒙", "time": "2024-02-18 00:00:00", "likes": "0"}, {"username": "傅相柳的粉狐狸", "content": "晚安蒙蒙", "time": "2024-02-18 00:00:00", "likes": "0"}, {"username": "顶级大明星我豹崽", "content": "真的要睡啦 晚安吧", "time": "2024-02-18 00:00:00", "likes": "0"}, {"username": "小余爱吃鱼ww", "content": "晚安蒙蒙", "time": "2024-02-18 00:00:00", "likes": "0"}, {"username": "ee的小啊東", "content": "晚安", "time": "2024-02-18 00:00:00", "likes": "0"}, {"username": "heweb181818", "content": "晚安", "time": "2024-02-18 00:00:00", "likes": "0"}, {"username": "難遇季宴礼", "content": "晚安蒙蒙", "time": "2024-02-18 00:00:00", "likes": "0"}, {"username": "四月天yyds", "content": "晚安了", "time": "2024-02-18 00:00:00", "likes": "0"}, {"username": "水浒一号no1", "content": "晚安💤", "time": "2024-02-18 00:00:00", "likes": "0"}, {"username": "猫头鹰喜欢玩乌龟", "content": "晚安了", "time": "2024-02-18 00:00:00", "likes": "0"}, {"username": "蜂蜜有喜茶", "content": "晚安啦", "time": "2024-02-18 00:00:00", "likes": "0"}, {"username": "黑夜的眼睛有光明", "content": "晚安了呢", "time": "2024-02-18 00:00:00", "likes": "0"}, {"username": "幻境bba", "content": "晚安💤", "time": "2024-02-18 00:00:00", "likes": "0"}, {"username": "冬季恋歌呀", "content": "晚安么么哒", "time": "2024-02-18 00:00:00", "likes": "0"}, {"username": "半截月亮與妳", "content": "晚安蒙蒙", "time": "2024-02-18 00:00:00", "likes": "0"}, {"username": "小狗守门员", "content": "晚安", "time": "2024-02-18 00:00:00", "likes": "0"}, {"username": "今晚少吃饭吧", "content": "晚安", "time": "2024-02-18 00:00:00", "likes": "0"}, {"username": "博几萎萎", "content": "晚安", "time": "2024-02-18 00:00:00", "likes": "0"}, {"username": "微微V1", "content": "晚安，安安心心", "time": "2024-02-18 00:00:00", "likes": "0"}, {"username": "大哥1121_74898", "content": "晚安", "time": "2024-02-18 00:00:00", "likes": "0"}, {"username": "曼谷日落不等人", "content": "晚安", "time": "2024-02-18 00:00:00", "likes": "0"}, {"username": "喜欢我的福气宝贝", "content": "晚安", "time": "2024-02-18 00:00:00", "likes": "0"}, {"username": "一口一个小酥肉yu", "content": "晚安", "time": "2024-02-18 00:00:00", "likes": "0"}, {"username": "把热爱做到极致A", "content": "晚安", "time": "2024-02-18 00:00:00", "likes": "0"}, {"username": "CUCKOODUDU", "content": "晚安", "time": "2024-02-18 00:00:00", "likes": "0"}, {"username": "_婠媆時光_", "content": "晚安", "time": "2024-02-18 00:00:00", "likes": "0"}, {"username": "流云上的阳光", "content": "晚安", "time": "2024-02-18 00:00:00", "likes": "0"}, {"username": "枝枝小羊du", "content": "晚安蒙蒙", "time": "2024-02-18 00:00:00", "likes": "0"}, {"username": "恋爱脑粉碎机", "content": "晚安啦", "time": "2024-02-18 00:00:00", "likes": "0"}, {"username": "豹豹博003", "content": "晚安💤", "time": "2024-02-18 00:00:00", "likes": "0"}, {"username": "-yibo平安喜乐-", "content": "晚安", "time": "2024-02-18 00:00:00", "likes": "0"}, {"username": "楚宫铭", "content": "晚安", "time": "2024-02-18 00:00:00", "likes": "0"}, {"username": "喜欢我的小宝贝yb", "content": "晚安", "time": "2024-02-18 00:00:00", "likes": "0"}, {"username": "9785常因光影相聚", "content": "晚安", "time": "2024-02-18 00:00:00", "likes": "0"}, {"username": "ibo85小金猪-唯", "content": "晚安", "time": "2024-02-18 00:00:00", "likes": "0"}, {"username": "85号超级小黄人", "content": "晚安大蒙", "time": "2024-02-18 00:00:00", "likes": "0"}, {"username": "吃了老公", "content": "晚安", "time": "2024-02-18 00:00:00", "likes": "0"}, {"username": "杌阢", "content": "晚安", "time": "2024-02-18 00:00:00", "likes": "0"}, {"username": "豹豹博002", "content": "晚安💤", "time": "2024-02-18 00:00:00", "likes": "0"}, {"username": "月亮味的番茄", "content": "晚安", "time": "2024-02-18 00:00:00", "likes": "0"}, {"username": "奶膘富翁200906", "content": "晚安", "time": "2024-02-18 00:00:00", "likes": "0"}, {"username": "奶膘富翁200906", "content": "好梦", "time": "2024-02-18 00:00:00", "likes": "0"}, {"username": "我的福气宝贝儿最好", "content": "晚安", "time": "2024-02-18 00:00:00", "likes": "0"}, {"username": "想不起来了200305", "content": "晚安", "time": "2024-02-18 00:00:00", "likes": "0"}, {"username": "BO博一博", "content": "晚安", "time": "2024-02-18 00:00:00", "likes": "0"}, {"username": "南巷卿枫_", "content": "晚安", "time": "2024-02-18 00:00:00", "likes": "0"}, {"username": "迪迦奥特曼打大回旋", "content": "好梦", "time": "2024-02-18 00:00:00", "likes": "0"}, {"username": "N_huiii", "content": "晚安", "time": "2024-02-18 00:00:00", "likes": "0"}, {"username": "我吃小薄薄", "content": "晚安", "time": "2024-02-18 00:00:00", "likes": "0"}, {"username": "靳时晤", "content": "晚安💤", "time": "2024-02-18 00:00:00", "likes": "0"}, {"username": "迪迦奥特曼打大回旋", "content": "晚安", "time": "2024-02-18 00:00:00", "likes": "0"}, {"username": "圆月_moon_", "content": "晚安", "time": "2024-02-18 00:00:00", "likes": "0"}, {"username": "哈喽哈喽哈喽哈喽202207", "content": "晚安💤", "time": "2024-02-18 00:00:00", "likes": "0"}, {"username": "哈喽哈喽哈喽哈喽202207", "content": "好梦[挂灯笼]", "time": "2024-02-18 00:00:00", "likes": "0"}, {"username": "向快乐出发dzd", "content": "晚安", "time": "2024-02-18 00:00:00", "likes": "0"}, {"username": "香耶啵啵85", "content": "晚安", "time": "2024-02-18 00:00:00", "likes": "0"}, {"username": "一叶清荷儿_", "content": "晚安", "time": "2024-02-18 00:00:00", "likes": "0"}, {"username": "豹豹博015", "content": "晚安💤", "time": "2024-02-18 00:00:00", "likes": "0"}, {"username": "啵啵的女王", "content": "晚安，美梦", "time": "2024-02-18 00:00:00", "likes": "0"}, {"username": "記忆不諟过去", "content": "晚安", "time": "2024-02-18 00:00:00", "likes": "0"}, {"username": "杌余", "content": "晚安", "time": "2024-02-18 00:00:00", "likes": "0"}, {"username": "诗淇禾毅J", "content": "晚安，好梦", "time": "2024-02-18 00:00:00", "likes": "0"}, {"username": "期待未来之星WYB", "content": "晚安！", "time": "2024-02-18 00:00:00", "likes": "0"}, {"username": "豹豹博014", "content": "晚安💤", "time": "2024-02-18 00:00:00", "likes": "0"}, {"username": "AAAabcAA_", "content": "晚安[舞狮][舞狮][舞狮]", "time": "2024-02-18 00:00:00", "likes": "0"}, {"username": "雷震宇烁叶空", "content": "晚安", "time": "2024-02-18 00:00:00", "likes": "0"}, {"username": "吾爱啵啵小宝贝", "content": "晚安", "time": "2024-02-18 00:00:00", "likes": "0"}, {"username": "wybpaxlwssy", "content": "晚安", "time": "2024-02-18 00:00:00", "likes": "0"}, {"username": "香芋奶茶甜糯来", "content": "晚安，好梦", "time": "2024-02-18 00:00:00", "likes": "0"}, {"username": "dygzydcg", "content": "晚安", "time": "2024-02-18 00:00:00", "likes": "0"}, {"username": "2328·良辰BX_", "content": "晚安💤", "time": "2024-02-18 00:00:00", "likes": "0"}, {"username": "独一无二为你所属", "content": "晚安", "time": "2024-02-18 00:00:00", "likes": "0"}, {"username": "95·从欢BX_", "content": "晚安💤", "time": "2024-02-18 00:00:00", "likes": "0"}, {"username": "蕾儿3230933062", "content": "晚安💤", "time": "2024-02-18 00:00:00", "likes": "0"}, {"username": "无妄而为19", "content": "晚安", "time": "2024-02-18 00:00:00", "likes": "0"}, {"username": "茉莉提子酒", "content": "晚安", "time": "2024-02-18 00:00:00", "likes": "0"}, {"username": "一颗小小的糖果给你", "content": "晚安", "time": "2024-02-18 00:00:00", "likes": "0"}, {"username": "我只要我的_蝴蝶", "content": "晚安", "time": "2024-02-18 00:00:00", "likes": "0"}, {"username": "话不投机喝箱养乐多w", "content": "晚安", "time": "2024-02-18 00:00:00", "likes": "0"}, {"username": "柚柚子呀dw", "content": "晚安", "time": "2024-02-18 00:00:00", "likes": "0"}, {"username": "快乐是小迷糊", "content": "晚安", "time": "2024-02-18 00:00:00", "likes": "0"}, {"username": "朝小搴", "content": "晚安", "time": "2024-02-18 00:00:00", "likes": "0"}, {"username": "有事202305", "content": "晚安", "time": "2024-02-18 00:00:00", "likes": "0"}, {"username": "托托公主别拖了", "content": "明天见", "time": "2024-02-18 00:00:00", "likes": "0"}, {"username": "沉水倦熏天", "content": "晚安", "time": "2024-02-18 00:00:00", "likes": "0"}, {"username": "想不到名字了无语", "content": "晚安", "time": "2024-02-18 00:00:00", "likes": "0"}, {"username": "豹豹博013", "content": "晚安💤", "time": "2024-02-18 00:00:00", "likes": "0"}, {"username": "王百亿博-", "content": "晚安", "time": "2024-02-18 00:00:00", "likes": "0"}, {"username": "绝对绝对是", "content": "晚安", "time": "2024-02-18 00:00:00", "likes": "0"}, {"username": "霖霖的快乐", "content": "晚安", "time": "2024-02-18 00:00:00", "likes": "0"}, {"username": "可迁移技能", "content": "晚安", "time": "2024-02-18 00:00:00", "likes": "0"}, {"username": "粉色猪气球", "content": "晚安", "time": "2024-02-18 00:00:00", "likes": "0"}, {"username": "一蓝空允百宇叶", "content": "晚安💤", "time": "2024-02-18 00:00:00", "likes": "0"}, {"username": "岩霖浩", "content": "晚安", "time": "2024-02-18 00:00:00", "likes": "0"}, {"username": "航舟2832", "content": "晚上好", "time": "2024-02-18 00:00:00", "likes": "0"}, {"username": "不一样你一样的我", "content": "晚安", "time": "2024-02-18 00:00:00", "likes": "0"}, {"username": "流浪诗人黑黑", "content": "晚安蒙宝", "time": "2024-02-18 00:00:00", "likes": "0"}, {"username": "我家二大爷869", "content": "晚安呀", "time": "2024-02-18 00:00:00", "likes": "0"}, {"username": "瓜田大禹", "content": "晚安", "time": "2024-02-18 00:00:00", "likes": "0"}, {"username": "9785王杰老婆", "content": "晚安💤", "time": "2024-02-18 00:00:00", "likes": "0"}, {"username": "种一颗大树1", "content": "晚安", "time": "2024-02-18 00:00:00", "likes": "0"}, {"username": "kl啾啾", "content": "晚安", "time": "2024-02-18 00:00:00", "likes": "0"}, {"username": "玩弄丸一啵的感情", "content": "晚安蒙蒙", "time": "2024-02-18 00:00:00", "likes": "0"}, {"username": "王一宝豹", "content": "晚安好梦[舞狮]", "time": "2024-02-18 00:00:00", "likes": "0"}, {"username": "我爱的人叫YiBo", "content": "晚安", "time": "2024-02-18 00:00:00", "likes": "0"}, {"username": "面面的表情包", "content": "晚安", "time": "2024-02-18 00:00:00", "likes": "0"}, {"username": "丸小啵啵一个", "content": "晚安💤", "time": "2024-02-18 00:00:00", "likes": "0"}, {"username": "啊呜一口啵啵糖", "content": "晚安好梦[舞狮]", "time": "2024-02-18 00:00:00", "likes": "0"}, {"username": "魏若来老公", "content": "晚安💤", "time": "2024-02-18 00:00:00", "likes": "0"}, {"username": "过期VC", "content": "晚安(¦3[▓▓]", "time": "2024-02-18 00:00:00", "likes": "0"}, {"username": "亭亭亭1213", "content": "晚安", "time": "2024-02-18 00:00:00", "likes": "0"}, {"username": "anywa161816181618", "content": "晚安", "time": "2024-02-18 00:00:00", "likes": "0"}, {"username": "狮子小丸", "content": "晚安好梦", "time": "2024-02-18 00:00:00", "likes": "0"}, {"username": "饭团花宝", "content": "晚安", "time": "2024-02-18 00:00:00", "likes": "0"}, {"username": "小狮子爱吃面_", "content": "晚安💤", "time": "2024-02-18 00:00:00", "likes": "0"}, {"username": "炫酷一博加购灵气赞", "content": "晚安", "time": "2024-02-18 00:00:00", "likes": "0"}, {"username": "小鱼er今天瘦了嘛", "content": "好梦", "time": "2024-02-18 00:00:00", "likes": "0"}, {"username": "机智糖浆酱", "content": "晚安", "time": "2024-02-18 00:00:00", "likes": "0"}, {"username": "爱生活爱美食yy", "content": "晚安！", "time": "2024-02-18 00:00:00", "likes": "0"}, {"username": "只想听你一个人说话", "content": "晚安，好梦", "time": "2024-02-18 00:00:00", "likes": "0"}, {"username": "粉色包包团", "content": "晚安💤", "time": "2024-02-18 00:00:00", "likes": "0"}, {"username": "Chestnut__Q", "content": "晚安好梦", "time": "2024-02-18 00:00:00", "likes": "0"}, {"username": "baobao鱼baobao", "content": "晚安", "time": "2024-02-18 00:00:00", "likes": "0"}, {"username": "AndyYang的星语呐", "content": "晚安💤好梦", "time": "2024-02-18 00:00:00", "likes": "0"}, {"username": "只要甜分", "content": "晚安", "time": "2024-02-18 00:00:00", "likes": "0"}]'}]
2025-12-18 13:23:50,246 - app - INFO - 🗑️ Closing browser.
2025-12-18 13:23:50,446 - app - INFO - Prepare to scrape url: https://weibo.com/6558766829/5002487488840255
2025-12-18 13:23:50,447 - app - INFO - 🚀 Launching Playwright browser...
2025-12-18 13:23:50,448 - app - INFO - Target url: https://weibo.com/6558766829/5002487488840255
2025-12-18 13:23:57,046 - app - INFO - 🔍 Page content loaded, starting data extraction...
2025-12-18 13:23:57,058 - app - INFO - 🔎 Scraping comments for: https://weibo.com/6558766829/5002487488840255
2025-12-18 13:23:58,074 - app - INFO - 📜 Scrolling to load comments...
2025-12-18 13:24:00,081 - app - INFO - Scroll 1/207 completed
2025-12-18 13:24:02,116 - app - INFO - Scroll 2/207 completed
2025-12-18 13:24:04,151 - app - INFO - Scroll 3/207 completed
2025-12-18 13:24:06,199 - app - INFO - Scroll 4/207 completed
2025-12-18 13:24:08,242 - app - INFO - Scroll 5/207 completed
2025-12-18 13:24:10,297 - app - INFO - Scroll 6/207 completed
2025-12-18 13:24:12,334 - app - INFO - Scroll 7/207 completed
2025-12-18 13:24:14,382 - app - INFO - Scroll 8/207 completed
2025-12-18 13:24:16,424 - app - INFO - Scroll 9/207 completed
2025-12-18 13:24:18,476 - app - INFO - Scroll 10/207 completed
2025-12-18 13:24:20,517 - app - INFO - Scroll 11/207 completed
2025-12-18 13:24:22,559 - app - INFO - Scroll 12/207 completed
2025-12-18 13:24:24,608 - app - INFO - Scroll 13/207 completed
2025-12-18 13:24:26,646 - app - INFO - Scroll 14/207 completed
2025-12-18 13:24:28,692 - app - INFO - Scroll 15/207 completed
2025-12-18 13:24:30,746 - app - INFO - Scroll 16/207 completed
2025-12-18 13:24:32,790 - app - INFO - Scroll 17/207 completed
2025-12-18 13:24:34,840 - app - INFO - Scroll 18/207 completed
2025-12-18 13:24:36,890 - app - INFO - Scroll 19/207 completed
2025-12-18 13:24:38,929 - app - INFO - Scroll 20/207 completed
2025-12-18 13:24:40,966 - app - INFO - Scroll 21/207 completed
2025-12-18 13:24:43,003 - app - INFO - Scroll 22/207 completed
2025-12-18 13:24:45,044 - app - INFO - Scroll 23/207 completed
2025-12-18 13:24:47,087 - app - INFO - Scroll 24/207 completed
2025-12-18 13:24:49,137 - app - INFO - Scroll 25/207 completed
2025-12-18 13:24:51,171 - app - INFO - Scroll 26/207 completed
2025-12-18 13:24:53,213 - app - INFO - Scroll 27/207 completed
2025-12-18 13:24:55,261 - app - INFO - Scroll 28/207 completed
2025-12-18 13:24:57,292 - app - INFO - Scroll 29/207 completed
2025-12-18 13:24:59,341 - app - INFO - Scroll 30/207 completed
2025-12-18 13:25:01,377 - app - INFO - Scroll 31/207 completed
2025-12-18 13:25:03,431 - app - INFO - Scroll 32/207 completed
2025-12-18 13:25:05,490 - app - INFO - Scroll 33/207 completed
2025-12-18 13:25:07,530 - app - INFO - Scroll 34/207 completed
2025-12-18 13:25:09,572 - app - INFO - Scroll 35/207 completed
2025-12-18 13:25:11,612 - app - INFO - Scroll 36/207 completed
2025-12-18 13:25:13,656 - app - INFO - Scroll 37/207 completed
2025-12-18 13:25:15,696 - app - INFO - Scroll 38/207 completed
2025-12-18 13:25:17,729 - app - INFO - Scroll 39/207 completed
2025-12-18 13:25:19,776 - app - INFO - Scroll 40/207 completed
2025-12-18 13:25:21,811 - app - INFO - Scroll 41/207 completed
2025-12-18 13:25:23,854 - app - INFO - Scroll 42/207 completed
2025-12-18 13:25:25,888 - app - INFO - Scroll 43/207 completed
2025-12-18 13:25:27,943 - app - INFO - Scroll 44/207 completed
2025-12-18 13:25:29,977 - app - INFO - Scroll 45/207 completed
2025-12-18 13:25:32,011 - app - INFO - Scroll 46/207 completed
2025-12-18 13:25:34,057 - app - INFO - Scroll 47/207 completed
2025-12-18 13:25:36,108 - app - INFO - Scroll 48/207 completed
2025-12-18 13:25:38,164 - app - INFO - Scroll 49/207 completed
2025-12-18 13:25:40,196 - app - INFO - Scroll 50/207 completed
2025-12-18 13:25:42,232 - app - INFO - Scroll 51/207 completed
2025-12-18 13:25:44,311 - app - INFO - Scroll 52/207 completed
2025-12-18 13:25:46,354 - app - INFO - Scroll 53/207 completed
2025-12-18 13:25:48,390 - app - INFO - Scroll 54/207 completed
2025-12-18 13:25:50,423 - app - INFO - Scroll 55/207 completed
2025-12-18 13:25:52,471 - app - INFO - Scroll 56/207 completed
2025-12-18 13:25:54,513 - app - INFO - Scroll 57/207 completed
2025-12-18 13:25:56,559 - app - INFO - Scroll 58/207 completed
2025-12-18 13:25:58,599 - app - INFO - Scroll 59/207 completed
2025-12-18 13:26:00,640 - app - INFO - Scroll 60/207 completed
2025-12-18 13:26:02,684 - app - INFO - Scroll 61/207 completed
2025-12-18 13:26:04,738 - app - INFO - Scroll 62/207 completed
2025-12-18 13:26:06,783 - app - INFO - Scroll 63/207 completed
2025-12-18 13:26:08,819 - app - INFO - Scroll 64/207 completed
2025-12-18 13:26:10,859 - app - INFO - Scroll 65/207 completed
2025-12-18 13:26:12,907 - app - INFO - Scroll 66/207 completed
2025-12-18 13:26:14,951 - app - INFO - Scroll 67/207 completed
2025-12-18 13:26:16,995 - app - INFO - Scroll 68/207 completed
2025-12-18 13:26:19,055 - app - INFO - Scroll 69/207 completed
2025-12-18 13:26:21,109 - app - INFO - Scroll 70/207 completed
2025-12-18 13:26:23,170 - app - INFO - Scroll 71/207 completed
2025-12-18 13:26:25,235 - app - INFO - Scroll 72/207 completed
2025-12-18 13:26:27,292 - app - INFO - Scroll 73/207 completed
2025-12-18 13:26:29,346 - app - INFO - Scroll 74/207 completed
2025-12-18 13:26:31,419 - app - INFO - Scroll 75/207 completed
2025-12-18 13:26:33,476 - app - INFO - Scroll 76/207 completed
2025-12-18 13:26:35,635 - app - INFO - Scroll 77/207 completed
2025-12-18 13:26:37,720 - app - INFO - Scroll 78/207 completed
2025-12-18 13:26:39,779 - app - INFO - Scroll 79/207 completed
2025-12-18 13:26:41,848 - app - INFO - Scroll 80/207 completed
2025-12-18 13:26:43,917 - app - INFO - Scroll 81/207 completed
2025-12-18 13:26:46,039 - app - INFO - Scroll 82/207 completed
2025-12-18 13:26:48,138 - app - INFO - Scroll 83/207 completed
2025-12-18 13:26:50,223 - app - INFO - Scroll 84/207 completed
2025-12-18 13:26:52,324 - app - INFO - Scroll 85/207 completed
2025-12-18 13:26:54,423 - app - INFO - Scroll 86/207 completed
2025-12-18 13:26:56,508 - app - INFO - Scroll 87/207 completed
2025-12-18 13:26:58,574 - app - INFO - Scroll 88/207 completed
2025-12-18 13:27:00,660 - app - INFO - Scroll 89/207 completed
2025-12-18 13:27:02,718 - app - INFO - Scroll 90/207 completed
2025-12-18 13:27:04,809 - app - INFO - Scroll 91/207 completed
2025-12-18 13:27:06,911 - app - INFO - Scroll 92/207 completed
2025-12-18 13:27:09,000 - app - INFO - Scroll 93/207 completed
2025-12-18 13:27:11,085 - app - INFO - Scroll 94/207 completed
2025-12-18 13:27:13,181 - app - INFO - Scroll 95/207 completed
2025-12-18 13:27:15,272 - app - INFO - Scroll 96/207 completed
2025-12-18 13:27:17,363 - app - INFO - Scroll 97/207 completed
2025-12-18 13:27:19,441 - app - INFO - Scroll 98/207 completed
2025-12-18 13:27:21,545 - app - INFO - Scroll 99/207 completed
2025-12-18 13:27:23,625 - app - INFO - Scroll 100/207 completed
2025-12-18 13:27:25,695 - app - INFO - Scroll 101/207 completed
2025-12-18 13:27:27,785 - app - INFO - Scroll 102/207 completed
2025-12-18 13:27:29,836 - app - INFO - Scroll 103/207 completed
2025-12-18 13:27:31,931 - app - INFO - Scroll 104/207 completed
2025-12-18 13:27:34,021 - app - INFO - Scroll 105/207 completed
2025-12-18 13:27:36,090 - app - INFO - Scroll 106/207 completed
2025-12-18 13:27:38,183 - app - INFO - Scroll 107/207 completed
2025-12-18 13:27:40,283 - app - INFO - Scroll 108/207 completed
2025-12-18 13:27:42,344 - app - INFO - Scroll 109/207 completed
2025-12-18 13:27:44,407 - app - INFO - Scroll 110/207 completed
2025-12-18 13:27:46,503 - app - INFO - Scroll 111/207 completed
2025-12-18 13:27:48,618 - app - INFO - Scroll 112/207 completed
2025-12-18 13:27:50,693 - app - INFO - Scroll 113/207 completed
2025-12-18 13:27:52,769 - app - INFO - Scroll 114/207 completed
2025-12-18 13:27:54,846 - app - INFO - Scroll 115/207 completed
2025-12-18 13:27:56,942 - app - INFO - Scroll 116/207 completed
2025-12-18 13:27:58,995 - app - INFO - Scroll 117/207 completed
2025-12-18 13:28:01,089 - app - INFO - Scroll 118/207 completed
2025-12-18 13:28:03,151 - app - INFO - Scroll 119/207 completed
2025-12-18 13:28:05,214 - app - INFO - Scroll 120/207 completed
2025-12-18 13:28:07,275 - app - INFO - Scroll 121/207 completed
2025-12-18 13:28:09,372 - app - INFO - Scroll 122/207 completed
2025-12-18 13:28:11,422 - app - INFO - Scroll 123/207 completed
2025-12-18 13:28:13,482 - app - INFO - Scroll 124/207 completed
2025-12-18 13:28:15,534 - app - INFO - Scroll 125/207 completed
2025-12-18 13:28:17,597 - app - INFO - Scroll 126/207 completed
2025-12-18 13:28:19,656 - app - INFO - Scroll 127/207 completed
2025-12-18 13:28:21,717 - app - INFO - Scroll 128/207 completed
2025-12-18 13:28:23,770 - app - INFO - Scroll 129/207 completed
2025-12-18 13:28:25,833 - app - INFO - Scroll 130/207 completed
2025-12-18 13:28:27,888 - app - INFO - Scroll 131/207 completed
2025-12-18 13:28:29,948 - app - INFO - Scroll 132/207 completed
2025-12-18 13:28:32,010 - app - INFO - Scroll 133/207 completed
2025-12-18 13:28:34,093 - app - INFO - Scroll 134/207 completed
2025-12-18 13:28:36,164 - app - INFO - Scroll 135/207 completed
2025-12-18 13:28:38,245 - app - INFO - Scroll 136/207 completed
2025-12-18 13:28:40,298 - app - INFO - Scroll 137/207 completed
2025-12-18 13:28:42,360 - app - INFO - Scroll 138/207 completed
2025-12-18 13:28:44,435 - app - INFO - Scroll 139/207 completed
2025-12-18 13:28:46,490 - app - INFO - Scroll 140/207 completed
2025-12-18 13:28:48,550 - app - INFO - Scroll 141/207 completed
2025-12-18 13:28:50,616 - app - INFO - Scroll 142/207 completed
2025-12-18 13:28:52,676 - app - INFO - Scroll 143/207 completed
2025-12-18 13:28:54,778 - app - INFO - Scroll 144/207 completed
2025-12-18 13:28:56,860 - app - INFO - Scroll 145/207 completed
2025-12-18 13:28:58,959 - app - INFO - Scroll 146/207 completed
2025-12-18 13:29:01,018 - app - INFO - Scroll 147/207 completed
2025-12-18 13:29:03,087 - app - INFO - Scroll 148/207 completed
2025-12-18 13:29:05,148 - app - INFO - Scroll 149/207 completed
2025-12-18 13:29:07,214 - app - INFO - Scroll 150/207 completed
2025-12-18 13:29:09,277 - app - INFO - Scroll 151/207 completed
2025-12-18 13:29:11,349 - app - INFO - Scroll 152/207 completed
2025-12-18 13:29:13,414 - app - INFO - Scroll 153/207 completed
2025-12-18 13:29:15,482 - app - INFO - Scroll 154/207 completed
2025-12-18 13:29:17,548 - app - INFO - Scroll 155/207 completed
2025-12-18 13:29:19,614 - app - INFO - Scroll 156/207 completed
2025-12-18 13:29:21,678 - app - INFO - Scroll 157/207 completed
2025-12-18 13:29:23,748 - app - INFO - Scroll 158/207 completed
2025-12-18 13:29:25,814 - app - INFO - Scroll 159/207 completed
2025-12-18 13:29:27,872 - app - INFO - Scroll 160/207 completed
2025-12-18 13:29:29,932 - app - INFO - Scroll 161/207 completed
2025-12-18 13:29:31,988 - app - INFO - Scroll 162/207 completed
2025-12-18 13:29:34,044 - app - INFO - Scroll 163/207 completed
2025-12-18 13:29:36,107 - app - INFO - Scroll 164/207 completed
2025-12-18 13:29:38,174 - app - INFO - Scroll 165/207 completed
2025-12-18 13:29:40,242 - app - INFO - Scroll 166/207 completed
2025-12-18 13:29:42,307 - app - INFO - Scroll 167/207 completed
2025-12-18 13:29:44,368 - app - INFO - Scroll 168/207 completed
2025-12-18 13:29:46,437 - app - INFO - Scroll 169/207 completed
2025-12-18 13:29:48,509 - app - INFO - Scroll 170/207 completed
2025-12-18 13:29:50,620 - app - INFO - Scroll 171/207 completed
2025-12-18 13:29:52,670 - app - INFO - Scroll 172/207 completed
2025-12-18 13:29:54,735 - app - INFO - Scroll 173/207 completed
2025-12-18 13:29:56,802 - app - INFO - Scroll 174/207 completed
2025-12-18 13:29:58,863 - app - INFO - Scroll 175/207 completed
2025-12-18 13:30:00,933 - app - INFO - Scroll 176/207 completed
2025-12-18 13:30:02,994 - app - INFO - Scroll 177/207 completed
2025-12-18 13:30:05,058 - app - INFO - Scroll 178/207 completed
2025-12-18 13:30:07,150 - app - INFO - Scroll 179/207 completed
2025-12-18 13:30:09,231 - app - INFO - Scroll 180/207 completed
2025-12-18 13:30:11,332 - app - INFO - Scroll 181/207 completed
2025-12-18 13:30:13,433 - app - INFO - Scroll 182/207 completed
2025-12-18 13:30:15,492 - app - INFO - Scroll 183/207 completed
2025-12-18 13:30:17,555 - app - INFO - Scroll 184/207 completed
2025-12-18 13:30:19,644 - app - INFO - Scroll 185/207 completed
2025-12-18 13:30:21,753 - app - INFO - Scroll 186/207 completed
2025-12-18 13:30:23,868 - app - INFO - Scroll 187/207 completed
2025-12-18 13:30:25,963 - app - INFO - Scroll 188/207 completed
2025-12-18 13:30:28,073 - app - INFO - Scroll 189/207 completed
2025-12-18 13:30:30,231 - app - INFO - Scroll 190/207 completed
2025-12-18 13:30:32,295 - app - INFO - Scroll 191/207 completed
2025-12-18 13:30:34,398 - app - INFO - Scroll 192/207 completed
2025-12-18 13:30:36,496 - app - INFO - Scroll 193/207 completed
2025-12-18 13:30:38,558 - app - INFO - Scroll 194/207 completed
2025-12-18 13:30:40,674 - app - INFO - Scroll 195/207 completed
2025-12-18 13:30:42,770 - app - INFO - Scroll 196/207 completed
2025-12-18 13:30:44,895 - app - INFO - Scroll 197/207 completed
2025-12-18 13:30:47,007 - app - INFO - Scroll 198/207 completed
2025-12-18 13:30:49,067 - app - INFO - Scroll 199/207 completed
2025-12-18 13:30:51,169 - app - INFO - Scroll 200/207 completed
2025-12-18 13:30:53,277 - app - INFO - Scroll 201/207 completed
2025-12-18 13:30:55,375 - app - INFO - Scroll 202/207 completed
2025-12-18 13:30:57,476 - app - INFO - Scroll 203/207 completed
2025-12-18 13:30:59,527 - app - INFO - Scroll 204/207 completed
2025-12-18 13:31:01,619 - app - INFO - Scroll 205/207 completed
2025-12-18 13:31:03,725 - app - INFO - Scroll 206/207 completed
2025-12-18 13:31:05,786 - app - INFO - Scroll 207/207 completed
2025-12-18 13:31:05,874 - app - INFO - ✅ Successfully scraped 446 comments from https://weibo.com/6558766829/5002487488840255
2025-12-18 13:31:05,875 - app - INFO - 💾 Inserting scraped data into the database...: [{'unnamed': None, 'user_name': '蒙阴新闻前沿', 'publication_date': '2024-02-17 19:30:00', 'content': '晚安超话 世事千帆过，前方终会是温柔和月光。晚安！#晚安##2024春节山东乡村文化旅游节# \u200b\u200b\u200b', 'shared_count': '6', 'comment_count': '2077', 'like_count': '210', 'link1': 'https://weibo.com/6558766829/5002487488840255', 'link2': None, 'content_segmented': None, 'is_agriculture_related': None, 'index_number': None, 'comments': '[{"username": "郯城发布", "content": "晚安微博正文", "time": "2024-02-17 00:00:00", "likes": "6"}, {"username": "紫森林song", "content": "晚安", "time": "2024-02-17 00:00:00", "likes": "0"}, {"username": "YUMI_阿卡酱", "content": "晚安啦💤好梦[汪洋海蓝比心][汪洋海蓝比心][汪洋海蓝比心]", "time": "2024-02-17 00:00:00", "likes": "0"}, {"username": "努力养呆狐", "content": "晚安", "time": "2024-02-17 00:00:00", "likes": "0"}, {"username": "叮叮蹬蹬", "content": "晚安蒙阴", "time": "2024-02-17 00:00:00", "likes": "0"}, {"username": "攻略那条鱼", "content": "晚安", "time": "2024-02-17 00:00:00", "likes": "0"}, {"username": "晒晒小贤", "content": "晚安", "time": "2024-02-17 00:00:00", "likes": "0"}, {"username": "晚来情意浓", "content": "晚安💤蒙蒙。明天上班啦。", "time": "2024-02-17 00:00:00", "likes": "0"}, {"username": "夕阳治愈晚霞", "content": "晚安", "time": "2024-02-17 00:00:00", "likes": "0"}, {"username": "湖南鼎城区法院", "content": "晚安", "time": "2024-02-17 00:00:00", "likes": "0"}, {"username": "舞青梅", "content": "晚安", "time": "2024-02-17 00:00:00", "likes": "0"}, {"username": "桔子绿茶味汽水", "content": "晚安", "time": "2024-02-17 00:00:00", "likes": "0"}, {"username": "丶花酒独酌", "content": "晚安蒙蒙", "time": "2024-02-17 00:00:00", "likes": "0"}, {"username": "丶花酒独酌", "content": "晚安！祝你今夜美梦甜甜。", "time": "2024-02-17 00:00:00", "likes": "0"}, {"username": "吃一口王杰", "content": "晚安蒙蒙", "time": "2024-02-17 00:00:00", "likes": "0"}, {"username": "姑苏·一杯倒", "content": "晚安", "time": "2024-02-17 00:00:00", "likes": "0"}, {"username": "Ourjay_宣联0411", "content": "晚安", "time": "2024-02-17 00:00:00", "likes": "0"}, {"username": "姑苏·一杯倒", "content": "好梦", "time": "2024-02-17 00:00:00", "likes": "0"}, {"username": "宁波气象", "content": "晚安！微博正文", "time": "2024-02-17 00:00:00", "likes": "0"}, {"username": "四川长安网", "content": "晚安网页链接", "time": "2024-02-17 00:00:00", "likes": "0"}, {"username": "宁波气象", "content": "晚安！微博正文", "time": "2024-02-17 00:00:00", "likes": "0"}, {"username": "健康成都官微", "content": "晚安好梦微博正文", "time": "2024-02-17 00:00:00", "likes": "0"}, {"username": "维达熊de4", "content": "晚安", "time": "2024-02-17 00:00:00", "likes": "0"}, {"username": "北京铁路", "content": "晚安啦", "time": "2024-02-17 00:00:00", "likes": "0"}, {"username": "山楂松饼", "content": "晚安", "time": "2024-02-17 00:00:00", "likes": "0"}, {"username": "易拉罐佳佳佳子", "content": "晚安啦", "time": "2024-02-17 00:00:00", "likes": "0"}, {"username": "钮祜禄咔黑酱DVD", "content": "晚安啦", "time": "2024-02-17 00:00:00", "likes": "0"}, {"username": "冲浪多余的碗", "content": "晚安", "time": "2024-02-17 00:00:00", "likes": "0"}, {"username": "7_潇浙_7", "content": "晚安蒙阴", "time": "2024-02-17 00:00:00", "likes": "0"}, {"username": "平凡的昕人", "content": "晚安", "time": "2024-02-17 00:00:00", "likes": "0"}, {"username": "STORROR-SPORT", "content": "晚安", "time": "2024-02-17 00:00:00", "likes": "0"}, {"username": "辣酱煎饼", "content": "晚安好梦", "time": "2024-02-17 00:00:00", "likes": "0"}, {"username": "一颗小为桃", "content": "晚安", "time": "2024-02-17 00:00:00", "likes": "0"}, {"username": "拿葡萄的悦悦", "content": "晚安", "time": "2024-02-17 00:00:00", "likes": "0"}, {"username": "蝴蝶伪装枯叶", "content": "晚安", "time": "2024-02-17 00:00:00", "likes": "0"}, {"username": "听风赏雨ibo", "content": "送你一弧弯月，轻道一声晚安🌙", "time": "2024-02-17 00:00:00", "likes": "0"}, {"username": "维达熊的绿茶罐", "content": "蒙蒙晚安", "time": "2024-02-17 00:00:00", "likes": "0"}, {"username": "清莜柒", "content": "晚安💤", "time": "2024-02-17 00:00:00", "likes": "0"}, {"username": "喵星乐子人", "content": "晚安蒙蒙[送福][送福][送福]", "time": "2024-02-17 00:00:00", "likes": "0"}, {"username": "Night9785", "content": "晚安", "time": "2024-02-17 00:00:00", "likes": "0"}, {"username": "平凡的昕人", "content": "晚安", "time": "2024-02-17 00:00:00", "likes": "0"}, {"username": "小啵呆呆鱼_", "content": "晚安", "time": "2024-02-17 00:00:00", "likes": "0"}, {"username": "一元yb", "content": "晚安小蒙", "time": "2024-02-17 00:00:00", "likes": "0"}, {"username": "二千的颂伊", "content": "—❥.°ʚ\xa0𝐺𝑜𝑜𝑑 𝑛𝑖𝑔ℎ𝑡\xa0ɞ°.\xa0❥—人活着就应该像齐天大圣，疯过，恨过，闯过，拼过，努力过，但从没怕过！", "time": "2024-02-17 00:00:00", "likes": "0"}, {"username": "琳L-ynn", "content": "晚安", "time": "2024-02-17 00:00:00", "likes": "0"}, {"username": "Angel菩提", "content": "晚安", "time": "2024-02-17 00:00:00", "likes": "0"}, {"username": "西岐萝莉", "content": "安安", "time": "2024-02-17 00:00:00", "likes": "0"}, {"username": "探索博博中", "content": "晚安蒙蒙", "time": "2024-02-17 00:00:00", "likes": "0"}, {"username": "好柿派", "content": "晚安安啦", "time": "2024-02-17 00:00:00", "likes": "0"}, {"username": "超摩驾到", "content": "晚安", "time": "2024-02-17 00:00:00", "likes": "0"}, {"username": "长伴月儿弯", "content": "晚安蒙蒙", "time": "2024-02-17 00:00:00", "likes": "0"}, {"username": "挽衫h", "content": "晚安", "time": "2024-02-17 00:00:00", "likes": "0"}, {"username": "GK辣条董事长", "content": "晚安[送福][送福][送福]", "time": "2024-02-17 00:00:00", "likes": "0"}, {"username": "二千的颂伊", "content": "晚安💤", "time": "2024-02-17 00:00:00", "likes": "0"}, {"username": "二千的颂伊", "content": "我们只有一个地球，所以要好好爱护它；地球上也只有一个你，也要好好爱护你自己。晚安", "time": "2024-02-17 00:00:00", "likes": "0"}, {"username": "热元素", "content": "晚安", "time": "2024-02-17 00:00:00", "likes": "0"}, {"username": "小丫666888-望有钱版DAYTOY", "content": "晚安啦", "time": "2024-02-17 00:00:00", "likes": "0"}, {"username": "som_som_", "content": "晚安", "time": "2024-02-17 00:00:00", "likes": "0"}, {"username": "绿色心情Y_", "content": "晚安", "time": "2024-02-17 00:00:00", "likes": "0"}, {"username": "奇儿凌雪", "content": "晚安", "time": "2024-02-17 00:00:00", "likes": "0"}, {"username": "somnus_xue", "content": "晚安", "time": "2024-02-17 00:00:00", "likes": "0"}, {"username": "娜里有个毅", "content": "这吹不出褶的平静日子，也在闪光！晚安蒙蒙", "time": "2024-02-17 00:00:00", "likes": "0"}, {"username": "宝日珠拉", "content": "晚安", "time": "2024-02-17 00:00:00", "likes": "0"}, {"username": "小盛要瘦到90斤", "content": "晚安啦", "time": "2024-02-17 00:00:00", "likes": "0"}, {"username": "路人甲非路人乙", "content": "晚安啦", "time": "2024-02-17 00:00:00", "likes": "0"}, {"username": "微1笑_", "content": "晚安", "time": "2024-02-17 00:00:00", "likes": "0"}, {"username": "20190810motercycle", "content": "晚安💤", "time": "2024-02-17 00:00:00", "likes": "0"}, {"username": "花果山西宝", "content": "晚安", "time": "2024-02-17 00:00:00", "likes": "0"}, {"username": "花果勋勋", "content": "晚安", "time": "2024-02-17 00:00:00", "likes": "0"}, {"username": "柠檬青提呀", "content": "晚安，好梦连连！", "time": "2024-02-17 00:00:00", "likes": "0"}, {"username": "守护wyb奶膘", "content": "晚安", "time": "2024-02-17 00:00:00", "likes": "0"}, {"username": "清风不问流年_7", "content": "晚安", "time": "2024-02-17 00:00:00", "likes": "0"}, {"username": "冷月无声____", "content": "晚安", "time": "2024-02-17 00:00:00", "likes": "0"}, {"username": "重生回到维达熊宇宙的陆鸣", "content": "晚安", "time": "2024-02-17 00:00:00", "likes": "0"}, {"username": "菲菲85858585", "content": "晚安⭐️", "time": "2024-02-17 00:00:00", "likes": "0"}, {"username": "菲菲858585", "content": "晚安😴", "time": "2024-02-17 00:00:00", "likes": "0"}, {"username": "yibomomathd", "content": "晚安💤", "time": "2024-02-17 00:00:00", "likes": "0"}, {"username": "元气添添", "content": "晚安", "time": "2024-02-17 00:00:00", "likes": "0"}, {"username": "白衬衫的执念", "content": "晚安", "time": "2024-02-17 00:00:00", "likes": "0"}, {"username": "Feifei858541254", "content": "晚安😴", "time": "2024-02-17 00:00:00", "likes": "0"}, {"username": "亦成1224_零肆", "content": "朋友晚安", "time": "2024-02-17 00:00:00", "likes": "0"}, {"username": "有热闹可看吗", "content": "晚安", "time": "2024-02-17 00:00:00", "likes": "0"}, {"username": "亦成2024_零叁", "content": "晚安好梦", "time": "2024-02-17 00:00:00", "likes": "0"}, {"username": "小狮子68662", "content": "晚安💤", "time": "2024-02-17 00:00:00", "likes": "0"}, {"username": "狮子36839", "content": "晚安", "time": "2024-02-17 00:00:00", "likes": "0"}, {"username": "白马寺长老", "content": "晚安", "time": "2024-02-17 00:00:00", "likes": "0"}, {"username": "已是微微", "content": "晚安", "time": "2024-02-17 00:00:00", "likes": "0"}, {"username": "啵啵爱豹猫", "content": "晚安", "time": "2024-02-17 00:00:00", "likes": "0"}, {"username": "神明平安", "content": "晚上好！", "time": "2024-02-17 00:00:00", "likes": "0"}, {"username": "耶啵的香菜味", "content": "晚安💤", "time": "2024-02-17 00:00:00", "likes": "0"}, {"username": "85菲菲85", "content": "晚安😘", "time": "2024-02-17 00:00:00", "likes": "0"}, {"username": "啵牌小甜豆", "content": "晚安", "time": "2024-02-17 00:00:00", "likes": "0"}, {"username": "守护甜热热-上班版", "content": "晚安", "time": "2024-02-17 00:00:00", "likes": "0"}, {"username": "乖巧百灵鸟KP", "content": "晚安", "time": "2024-02-17 00:00:00", "likes": "0"}, {"username": "学士路的冰美式", "content": "晚安", "time": "2024-02-17 00:00:00", "likes": "0"}, {"username": "在逃水瓶座MT", "content": "世界还是美好的，晚安", "time": "2024-02-17 00:00:00", "likes": "0"}, {"username": "恋博脑袋", "content": "晚安安呀好梦", "time": "2024-02-17 00:00:00", "likes": "0"}, {"username": "学士路的花花", "content": "晚安", "time": "2024-02-17 00:00:00", "likes": "0"}, {"username": "你家里人不嫌你烦吗", "content": "晚安安啦好梦", "time": "2024-02-17 00:00:00", "likes": "0"}, {"username": "与花说不可说", "content": "晚安", "time": "2024-02-17 00:00:00", "likes": "0"}, {"username": "不是等等是邓邓", "content": "晚安啦", "time": "2024-02-17 00:00:00", "likes": "0"}, {"username": "45度生存方式2000", "content": "晚安", "time": "2024-02-17 00:00:00", "likes": "0"}, {"username": "恋博大王", "content": "晚安好梦啦！", "time": "2024-02-17 00:00:00", "likes": "0"}, {"username": "请教我这里", "content": "晚安啊", "time": "2024-02-17 00:00:00", "likes": "0"}, {"username": "子夜丁香结", "content": "晚安@蒙阴新闻前沿", "time": "2024-02-17 00:00:00", "likes": "0"}, {"username": "77小布丁77", "content": "晚安💤", "time": "2024-02-17 00:00:00", "likes": "0"}, {"username": "风投公司员工", "content": "晚安", "time": "2024-02-17 00:00:00", "likes": "0"}, {"username": "不是为什么的为是邓邓的为", "content": "晚安好梦", "time": "2024-02-17 00:00:00", "likes": "0"}, {"username": "生菜大蒜47", "content": "晚安", "time": "2024-02-17 00:00:00", "likes": "0"}, {"username": "王一博的女朋友hh", "content": "晚安", "time": "2024-02-17 00:00:00", "likes": "0"}, {"username": "学士路的花花", "content": "晚安", "time": "2024-02-17 00:00:00", "likes": "0"}, {"username": "人生如梦_0619", "content": "晚安", "time": "2024-02-17 00:00:00", "likes": "0"}, {"username": "每天都坚持一点_vvvv", "content": "晚安呀", "time": "2024-02-17 00:00:00", "likes": "0"}, {"username": "维达熊de5", "content": "晚安", "time": "2024-02-17 00:00:00", "likes": "0"}, {"username": "王一博的小宝贝hh", "content": "晚安", "time": "2024-02-17 00:00:00", "likes": "0"}, {"username": "无梦宴", "content": "晚安", "time": "2024-02-17 00:00:00", "likes": "0"}, {"username": "牡丹花开动京城199403", "content": "晚安", "time": "2024-02-17 00:00:00", "likes": "0"}, {"username": "甜甜的啵啵-IYO", "content": "晚安💤", "time": "2024-02-17 00:00:00", "likes": "0"}, {"username": "夜璃悠", "content": "晚安", "time": "2024-02-17 00:00:00", "likes": "0"}, {"username": "晓梦狸", "content": "晚安", "time": "2024-02-17 00:00:00", "likes": "0"}, {"username": "羽梦姬", "content": "晚安", "time": "2024-02-17 00:00:00", "likes": "0"}, {"username": "真的无语到底要取个什么名字啊", "content": "晚安", "time": "2024-02-17 00:00:00", "likes": "0"}, {"username": "小馒头_201904", "content": "晚安", "time": "2024-02-17 00:00:00", "likes": "0"}, {"username": "维达熊de1", "content": "晚安", "time": "2024-02-17 00:00:00", "likes": "0"}, {"username": "弥生野", "content": "晚安", "time": "2024-02-17 00:00:00", "likes": "0"}, {"username": "奈水焱", "content": "晚安", "time": "2024-02-17 00:00:00", "likes": "0"}, {"username": "尽情撒野的星星", "content": "晚安", "time": "2024-02-17 00:00:00", "likes": "0"}, {"username": "桉九黎", "content": "晚安", "time": "2024-02-17 00:00:00", "likes": "0"}, {"username": "itimnapanter", "content": "晚安", "time": "2024-02-17 00:00:00", "likes": "0"}, {"username": "系時行大運oi", "content": "", "time": "2024-02-17 00:00:00", "likes": "0"}, {"username": "千夜衍", "content": "晚安", "time": "2024-02-17 00:00:00", "likes": "0"}, {"username": "花千栗", "content": "晚安", "time": "2024-02-17 00:00:00", "likes": "0"}, {"username": "它丑药丸", "content": "晚安，开工大吉", "time": "2024-02-17 00:00:00", "likes": "0"}, {"username": "som_锘", "content": "晚安💤", "time": "2024-02-17 00:00:00", "likes": "0"}, {"username": "幸运闯入我的世界", "content": "晚安", "time": "2024-02-17 00:00:00", "likes": "0"}, {"username": "吃一口啵包_", "content": "晚安💤", "time": "2024-02-17 00:00:00", "likes": "0"}, {"username": "欧迈嘎Top", "content": "晚安", "time": "2024-02-17 00:00:00", "likes": "0"}, {"username": "我家蓝猫糖果", "content": "晚安 好梦哦", "time": "2024-02-17 00:00:00", "likes": "0"}, {"username": "猫猫公子啊", "content": "晚安", "time": "2024-02-17 00:00:00", "likes": "0"}, {"username": "跳跳糖歪歪90", "content": "晚安", "time": "2024-02-17 00:00:00", "likes": "0"}, {"username": "萧菱1220-DDDL", "content": "晚上好", "time": "2024-02-17 00:00:00", "likes": "0"}, {"username": "时分想廿", "content": "晚安😴", "time": "2024-02-17 00:00:00", "likes": "0"}, {"username": "又绿色心情", "content": "晚上好", "time": "2024-02-17 00:00:00", "likes": "0"}, {"username": "十足痞子王YiBo", "content": "晚安", "time": "2024-02-17 00:00:00", "likes": "0"}, {"username": "-85博啵酒-", "content": "晚安", "time": "2024-02-17 00:00:00", "likes": "0"}, {"username": "O泡果奶泡奶烊", "content": "晚安好梦啦", "time": "2024-02-17 00:00:00", "likes": "0"}, {"username": "太布可思议啦", "content": "晚安💤", "time": "2024-02-17 00:00:00", "likes": "0"}, {"username": "你啥档次啊", "content": "晚安", "time": "2024-02-17 00:00:00", "likes": "0"}, {"username": "枕边人_1", "content": "晚安💤", "time": "2024-02-17 00:00:00", "likes": "0"}, {"username": "85的绿绿", "content": "晚安", "time": "2024-02-17 00:00:00", "likes": "0"}, {"username": "退堂鼓终极玩家", "content": "晚安", "time": "2024-02-17 00:00:00", "likes": "0"}, {"username": "人美心善小仙啵", "content": "晚安", "time": "2024-02-17 00:00:00", "likes": "0"}, {"username": "日寺目分", "content": "晚安", "time": "2024-02-17 00:00:00", "likes": "0"}, {"username": "一只快乐的西红柿", "content": "晚安", "time": "2024-02-17 00:00:00", "likes": "0"}, {"username": "风起雾凝秋", "content": "晚上好", "time": "2024-02-17 00:00:00", "likes": "0"}, {"username": "萧瑟风兮兮", "content": "晚安！明天会更好！", "time": "2024-02-17 00:00:00", "likes": "0"}, {"username": "龙辞影", "content": "晚安", "time": "2024-02-17 00:00:00", "likes": "0"}, {"username": "水晶葡萄好吃送给你哦", "content": "晚安", "time": "2024-02-17 00:00:00", "likes": "0"}, {"username": "等暖春来1640·", "content": "晚安", "time": "2024-02-17 00:00:00", "likes": "0"}, {"username": "坂上愛布", "content": "晚安", "time": "2024-02-17 00:00:00", "likes": "0"}, {"username": "心机宸王妃", "content": "晚安。明天会更好", "time": "2024-02-17 00:00:00", "likes": "0"}, {"username": "最爱9785小啵猪", "content": "晚安", "time": "2024-02-17 00:00:00", "likes": "0"}, {"username": "正在追月亮", "content": "晚安", "time": "2024-02-17 00:00:00", "likes": "0"}, {"username": "S_子钦", "content": "晚安安", "time": "2024-02-17 00:00:00", "likes": "0"}, {"username": "椰啵NTNSLeo-85", "content": "晚安", "time": "2024-02-17 00:00:00", "likes": "0"}, {"username": "啵棱盖-", "content": "晚安💤", "time": "2024-02-17 00:00:00", "likes": "0"}, {"username": "罐装香菜_", "content": "晚安", "time": "2024-02-17 00:00:00", "likes": "0"}, {"username": "旖旎妤莀", "content": "晚安", "time": "2024-02-17 00:00:00", "likes": "0"}, {"username": "鱼婆王翠娣", "content": "晚安", "time": "2024-02-17 00:00:00", "likes": "0"}, {"username": "麻酱拌博啵", "content": "晚安蒙蒙", "time": "2024-02-17 00:00:00", "likes": "0"}, {"username": "跳跳糖歪歪90", "content": "晚安", "time": "2024-02-17 00:00:00", "likes": "0"}, {"username": "佩沛pei", "content": "晚安好梦", "time": "2024-02-17 00:00:00", "likes": "0"}, {"username": "辣椒味的小荔枝", "content": "晚安", "time": "2024-02-17 00:00:00", "likes": "0"}, {"username": "爱吃椰子菠萝", "content": "晚安", "time": "2024-02-17 00:00:00", "likes": "0"}, {"username": "一路远航伴博成王", "content": "晚安", "time": "2024-02-17 00:00:00", "likes": "0"}, {"username": "LittleRepunzel", "content": "晚安！明天开工大吉！！", "time": "2024-02-17 00:00:00", "likes": "0"}, {"username": "美牙和Nana", "content": "晚安好梦", "time": "2024-02-17 00:00:00", "likes": "0"}, {"username": "口袋电话亭", "content": "晚安呀", "time": "2024-02-17 00:00:00", "likes": "0"}, {"username": "王一博的香菜妹", "content": "晚安", "time": "2024-02-17 00:00:00", "likes": "0"}, {"username": "气球jeungipa", "content": "晚安", "time": "2024-02-17 00:00:00", "likes": "0"}, {"username": "与他去追风", "content": "晚安", "time": "2024-02-17 00:00:00", "likes": "0"}, {"username": "-吃炸鸡喝可乐-", "content": "晚安，阿蒙", "time": "2024-02-17 00:00:00", "likes": "0"}, {"username": "殤愛__", "content": "晚安", "time": "2024-02-17 00:00:00", "likes": "0"}, {"username": "Non_inductive", "content": "晚安", "time": "2024-02-17 00:00:00", "likes": "0"}, {"username": "英英-YiBo", "content": "晚上好[送福]", "time": "2024-02-17 00:00:00", "likes": "0"}, {"username": "内鱼头牌", "content": "晚上好", "time": "2024-02-17 00:00:00", "likes": "0"}, {"username": "Hedy薇薇123霓22", "content": "晚安💤", "time": "2024-02-17 00:00:00", "likes": "0"}, {"username": "与他去追风", "content": "晚安", "time": "2024-02-17 00:00:00", "likes": "0"}, {"username": "甜甜小可爱超酷", "content": "晚安", "time": "2024-02-17 00:00:00", "likes": "0"}, {"username": "竹报·桃安", "content": "晚安", "time": "2024-02-17 00:00:00", "likes": "0"}, {"username": "无何daytoy", "content": "好梦", "time": "2024-02-17 00:00:00", "likes": "0"}, {"username": "歪梨来来", "content": "晚安", "time": "2024-02-17 00:00:00", "likes": "0"}, {"username": "米朵040710", "content": "晚安", "time": "2024-02-17 00:00:00", "likes": "0"}, {"username": "路遥归梦W", "content": "晚安蒙阴", "time": "2024-02-17 00:00:00", "likes": "0"}, {"username": "爱香菜deYB", "content": "晚安", "time": "2024-02-17 00:00:00", "likes": "0"}, {"username": "长崎大勋15号", "content": "晚安💤", "time": "2024-02-17 00:00:00", "likes": "0"}, {"username": "woiaowu", "content": "晚安", "time": "2024-02-17 00:00:00", "likes": "0"}, {"username": "YIBO-小法拉利", "content": "晚安", "time": "2024-02-17 00:00:00", "likes": "0"}, {"username": "无何daytoy", "content": "晚安", "time": "2024-02-17 00:00:00", "likes": "0"}, {"username": "天堂地狱空间", "content": "晚安", "time": "2024-02-17 00:00:00", "likes": "0"}, {"username": "火盆代言人俺叔", "content": "晚安鸭", "time": "2024-02-17 00:00:00", "likes": "0"}, {"username": "邻家姐姐克萝伊", "content": "晚安", "time": "2024-02-17 00:00:00", "likes": "0"}, {"username": "绿色的小摩托___", "content": "晚安", "time": "2024-02-17 00:00:00", "likes": "0"}, {"username": "狮子王辛巴宝宝", "content": "晚安", "time": "2024-02-17 00:00:00", "likes": "0"}, {"username": "小shan的摆烂日记", "content": "晚安💤", "time": "2024-02-17 00:00:00", "likes": "0"}, {"username": "讨厌火盆", "content": "晚安爱你", "time": "2024-02-17 00:00:00", "likes": "0"}, {"username": "weirlail", "content": "晚安啦", "time": "2024-02-17 00:00:00", "likes": "0"}, {"username": "到底是谁总跟我起一样的名字", "content": "晚安", "time": "2024-02-17 00:00:00", "likes": "0"}, {"username": "轩姐66171", "content": "晚安", "time": "2024-02-17 00:00:00", "likes": "0"}, {"username": "爱古偶的小不点", "content": "晚安", "time": "2024-02-17 00:00:00", "likes": "0"}, {"username": "上班不如养猪", "content": "晚安", "time": "2024-02-17 00:00:00", "likes": "0"}, {"username": "Wangai王", "content": "晚安", "time": "2024-02-17 00:00:00", "likes": "0"}, {"username": "UNIQ-霉霉85", "content": "晚安", "time": "2024-02-17 00:00:00", "likes": "0"}, {"username": "星星和晨曦", "content": "晚安", "time": "2024-02-17 00:00:00", "likes": "0"}, {"username": "W_聽妳説", "content": "晚安", "time": "2024-02-17 00:00:00", "likes": "0"}, {"username": "你是哪个虫", "content": "晚安", "time": "2024-02-17 00:00:00", "likes": "0"}, {"username": "爱喝奶茶的女大学生一枚", "content": "晚安", "time": "2024-02-17 00:00:00", "likes": "0"}, {"username": "今夜有极光W", "content": "晚安💤", "time": "2024-02-17 00:00:00", "likes": "0"}, {"username": "静水流深_79", "content": "晚安", "time": "2024-02-17 00:00:00", "likes": "0"}, {"username": "爱博不是博爱9785", "content": "晚安", "time": "2024-02-17 00:00:00", "likes": "0"}, {"username": "画眉-y", "content": "晚安好梦", "time": "2024-02-17 00:00:00", "likes": "0"}, {"username": "你是哪棵大头菜", "content": "晚安", "time": "2024-02-17 00:00:00", "likes": "0"}, {"username": "a3680258899", "content": "晚安", "time": "2024-02-17 00:00:00", "likes": "0"}, {"username": "糖醋啵丸子", "content": "晚安", "time": "2024-02-17 00:00:00", "likes": "0"}, {"username": "aa风吹叶落", "content": "晚安", "time": "2024-02-17 00:00:00", "likes": "0"}, {"username": "希望之星85", "content": "晚安！", "time": "2024-02-17 00:00:00", "likes": "0"}, {"username": "射手座的不七淑186", "content": "晚安", "time": "2024-02-17 00:00:00", "likes": "0"}, {"username": "顾染_joy", "content": "晚安", "time": "2024-02-17 00:00:00", "likes": "0"}, {"username": "麦兜啵当当", "content": "晚上好", "time": "2024-02-17 00:00:00", "likes": "0"}, {"username": "唯一的白牡丹", "content": "晚安💤", "time": "2024-02-17 00:00:00", "likes": "0"}, {"username": "9W舒崽F8", "content": "晚安", "time": "2024-02-17 00:00:00", "likes": "0"}, {"username": "海棠花开朵朵呀", "content": "晚安", "time": "2024-02-17 00:00:00", "likes": "0"}, {"username": "江天小震", "content": "晚安喽", "time": "2024-02-17 00:00:00", "likes": "0"}, {"username": "cheerfeii", "content": "晚安", "time": "2024-02-17 00:00:00", "likes": "0"}, {"username": "君来兮001", "content": "晚安，做个好梦", "time": "2024-02-17 00:00:00", "likes": "0"}, {"username": "分你一袋跳跳糖", "content": "晚安", "time": "2024-02-17 00:00:00", "likes": "0"}, {"username": "查尔勒特", "content": "晚安好梦", "time": "2024-02-17 00:00:00", "likes": "0"}, {"username": "不浪漫体质er", "content": "晚安💤", "time": "2024-02-17 00:00:00", "likes": "0"}, {"username": "一枝玫瑰a-", "content": "晚安", "time": "2024-02-17 00:00:00", "likes": "0"}, {"username": "百里允宇85", "content": "晚安💤", "time": "2024-02-17 00:00:00", "likes": "0"}, {"username": "小熊别流泪", "content": "晚安💤", "time": "2024-02-17 00:00:00", "likes": "0"}, {"username": "Z不想写日记", "content": "晚安～", "time": "2024-02-17 00:00:00", "likes": "0"}, {"username": "熙熙_妮妮", "content": "晚安", "time": "2024-02-17 00:00:00", "likes": "0"}, {"username": "唯一博财王子", "content": "晚安啦", "time": "2024-02-17 00:00:00", "likes": "0"}, {"username": "代号-博帝", "content": "晚安，好梦", "time": "2024-02-17 00:00:00", "likes": "0"}, {"username": "晴天131415926", "content": "晚安，好梦", "time": "2024-02-17 00:00:00", "likes": "0"}, {"username": "陇南徽县信访", "content": "晚上好微博正文", "time": "2024-02-25 00:00:00", "likes": "0"}, {"username": "是小熊默默哒啊", "content": "晚安", "time": "2024-02-17 00:00:00", "likes": "0"}, {"username": "冲鸭momo君", "content": "好好睡一觉，让明天的阳光带给你新的活力。晚安！", "time": "2024-02-17 00:00:00", "likes": "0"}, {"username": "君来兮阳光", "content": "晚安喽 🦁", "time": "2024-02-17 00:00:00", "likes": "0"}, {"username": "南岸几时可以停泊", "content": "晚安，开工大吉", "time": "2024-02-17 00:00:00", "likes": "0"}, {"username": "tiwitagdac", "content": "晚安啦", "time": "2024-02-18 00:00:00", "likes": "0"}, {"username": "啵咻咻咻96", "content": "晚安", "time": "2024-02-18 00:00:00", "likes": "0"}, {"username": "一定会见到月亮_", "content": "晚安", "time": "2024-02-19 00:00:00", "likes": "0"}, {"username": "菲菲858585", "content": "晚安，蒙蒙", "time": "2024-02-22 00:00:00", "likes": "0"}, {"username": "不是E人是I人", "content": "晚安💤啦", "time": "2024-02-25 00:00:00", "likes": "0"}, {"username": "佳木最相思", "content": "晚安", "time": "2024-02-18 00:00:00", "likes": "0"}, {"username": "不予预测", "content": "晚安", "time": "2024-02-18 00:00:00", "likes": "0"}, {"username": "biu_1005", "content": "晚安", "time": "2024-02-18 00:00:00", "likes": "0"}, {"username": "玻璃里碎片", "content": "晚安", "time": "2024-02-18 00:00:00", "likes": "0"}, {"username": "给我来一杯猫e头", "content": "晚安", "time": "2024-02-18 00:00:00", "likes": "0"}, {"username": "叶先生的喵喵", "content": "晚安", "time": "2024-02-18 00:00:00", "likes": "0"}, {"username": "AndyYang的星语呐", "content": "晚安💤好梦", "time": "2024-02-18 00:00:00", "likes": "0"}, {"username": "是小程小程w", "content": "晚安", "time": "2024-02-18 00:00:00", "likes": "0"}, {"username": "王甜甜超好吃", "content": "晚安", "time": "2024-02-18 00:00:00", "likes": "0"}, {"username": "骑什么追得上老公", "content": "晚安", "time": "2024-02-18 00:00:00", "likes": "0"}, {"username": "声声慢凄凄惨", "content": "晚安", "time": "2024-02-17 00:00:00", "likes": "0"}, {"username": "欢乐欢喜", "content": "晚安💤", "time": "2024-02-17 00:00:00", "likes": "0"}, {"username": "唯爱啵宝小可爱", "content": "晚安", "time": "2024-02-17 00:00:00", "likes": "0"}, {"username": "Lithium_李", "content": "晚安", "time": "2024-02-17 00:00:00", "likes": "0"}, {"username": "嗨呀那个嗨呀", "content": "晚安💤", "time": "2024-02-17 00:00:00", "likes": "0"}, {"username": "心若向空tt", "content": "晚安", "time": "2024-02-17 00:00:00", "likes": "0"}, {"username": "淇淇乖乖傅三岁", "content": "蒙蒙晚安", "time": "2024-02-17 00:00:00", "likes": "0"}, {"username": "PP顺顺利利", "content": "晚安", "time": "2024-02-18 00:00:00", "likes": "0"}, {"username": "嫦娥姐姐2号不在家", "content": "晚安", "time": "2024-02-17 00:00:00", "likes": "0"}, {"username": "TXT你定", "content": "晚安", "time": "2024-02-17 00:00:00", "likes": "0"}, {"username": "许毅岁卿安_成毅不翻不改名版", "content": "蒙蒙晚安", "time": "2024-02-17 00:00:00", "likes": "0"}, {"username": "来了来了来了了了了", "content": "晚安💤", "time": "2024-02-17 00:00:00", "likes": "0"}, {"username": "蓝色妖姬7777", "content": "晚安", "time": "2024-02-17 00:00:00", "likes": "0"}, {"username": "啵宝199511", "content": "晚安💤", "time": "2024-02-17 00:00:00", "likes": "0"}, {"username": "吉祥财子檀炭", "content": "晚安", "time": "2024-02-17 00:00:00", "likes": "0"}, {"username": "凉嵛", "content": "晚安", "time": "2024-02-17 00:00:00", "likes": "0"}, {"username": "灰姐不是熊", "content": "晚安💤", "time": "2024-02-17 00:00:00", "likes": "0"}, {"username": "今时往日不回首", "content": "晚安", "time": "2024-02-17 00:00:00", "likes": "0"}, {"username": "漫天星河_乐", "content": "晚安💤", "time": "2024-02-17 00:00:00", "likes": "0"}, {"username": "夏未央Day", "content": "晚安", "time": "2024-02-17 00:00:00", "likes": "0"}, {"username": "叶先生的喵", "content": "晚安💤", "time": "2024-02-17 00:00:00", "likes": "0"}, {"username": "王一博and王一宝", "content": "晚安", "time": "2024-02-17 00:00:00", "likes": "0"}, {"username": "森与雨露心_风", "content": "晚安", "time": "2024-02-17 00:00:00", "likes": "0"}, {"username": "广海一小粟", "content": "晚安", "time": "2024-02-17 00:00:00", "likes": "0"}, {"username": "月月yaya23", "content": "晚安", "time": "2024-02-17 00:00:00", "likes": "0"}, {"username": "一個随性的凡人", "content": "晚上好", "time": "2024-02-17 00:00:00", "likes": "0"}, {"username": "晚喵呀", "content": "晚安", "time": "2024-02-17 00:00:00", "likes": "0"}, {"username": "开勋宇宙的烧排骨", "content": "晚上好", "time": "2024-02-17 00:00:00", "likes": "0"}, {"username": "本麻美", "content": "晚安蒙阴", "time": "2024-02-17 00:00:00", "likes": "0"}, {"username": "啵崽职场升职记", "content": "晚安💤", "time": "2024-02-17 00:00:00", "likes": "0"}, {"username": "一定会见到月亮_", "content": "晚安", "time": "2024-02-17 00:00:00", "likes": "0"}, {"username": "魏若来是未来", "content": "晚安！期待每一天！", "time": "2024-02-17 00:00:00", "likes": "0"}, {"username": "就一个宝贝", "content": "晚安", "time": "2024-02-17 00:00:00", "likes": "0"}, {"username": "_巴乌兰", "content": "晚安", "time": "2024-02-17 00:00:00", "likes": "0"}, {"username": "nie1216", "content": "晚安", "time": "2024-02-17 00:00:00", "likes": "0"}, {"username": "板栗小南瓜1", "content": "晚安", "time": "2024-02-17 00:00:00", "likes": "0"}, {"username": "ee的小啊東", "content": "晚安咯", "time": "2024-02-17 00:00:00", "likes": "0"}, {"username": "故宫喵呀", "content": "晚安", "time": "2024-02-17 00:00:00", "likes": "0"}, {"username": "要玩开心哈", "content": "晚安", "time": "2024-02-17 00:00:00", "likes": "0"}, {"username": "开普勒星际", "content": "晚安，好梦", "time": "2024-02-17 00:00:00", "likes": "0"}, {"username": "开勋宇宙的甜冻梨", "content": "“请问您觉得早餐不能吃什么”“不能吃午餐和晚餐”", "time": "2024-02-17 00:00:00", "likes": "0"}, {"username": "Adoniachu", "content": "晚安啦", "time": "2024-02-17 00:00:00", "likes": "0"}, {"username": "桃子歪歪-", "content": "晚安", "time": "2024-02-17 00:00:00", "likes": "0"}, {"username": "只听王一博说", "content": "晚安", "time": "2024-02-17 00:00:00", "likes": "0"}, {"username": "怪我咯1234566", "content": "晚安[龙卷风][龙卷风][龙卷风]", "time": "2024-02-17 00:00:00", "likes": "0"}, {"username": "記忆不諟过去", "content": "晚安", "time": "2024-02-17 00:00:00", "likes": "0"}, {"username": "香耶啵啵85", "content": "晚安", "time": "2024-02-17 00:00:00", "likes": "0"}, {"username": "甜甜甜甜甜甜甜酷盖王队长", "content": "晚安✨✨✨", "time": "2024-02-17 00:00:00", "likes": "0"}, {"username": "甜甜甜甜甜甜酷盖王队长", "content": "晚安💚💚💚", "time": "2024-02-17 00:00:00", "likes": "0"}, {"username": "甜甜甜甜甜甜甜甜酷盖王队长", "content": "晚安晚安", "time": "2024-02-17 00:00:00", "likes": "0"}, {"username": "甜甜甜甜酷盖王队长", "content": "晚安吧", "time": "2024-02-17 00:00:00", "likes": "0"}, {"username": "甜甜甜甜甜酷盖王队长", "content": "晚安吧", "time": "2024-02-17 00:00:00", "likes": "0"}, {"username": "唯艾e博", "content": "晚安🌹", "time": "2024-02-17 00:00:00", "likes": "0"}, {"username": "甜甜甜酷盖王队长", "content": "晚安，好梦！", "time": "2024-02-17 00:00:00", "likes": "0"}, {"username": "只取w一瓢饮", "content": "晚安", "time": "2024-02-17 00:00:00", "likes": "0"}, {"username": "GW超话管理站", "content": "晚安呀", "time": "2024-02-17 00:00:00", "likes": "0"}, {"username": "娇妻粉碎机", "content": "晚安啦", "time": "2024-02-17 00:00:00", "likes": "0"}, {"username": "开勋宇宙的冰美式", "content": "晚上好！", "time": "2024-02-17 00:00:00", "likes": "0"}, {"username": "开勋宇宙的玉米苗", "content": "晚上好！", "time": "2024-02-17 00:00:00", "likes": "0"}, {"username": "甜甜甜甜甜甜甜甜甜酷盖王队长", "content": "晚安💚💚💚", "time": "2024-02-17 00:00:00", "likes": "0"}, {"username": "别做情绪的木偶yibo", "content": "晚安", "time": "2024-02-17 00:00:00", "likes": "0"}, {"username": "甜甜甜甜甜甜甜甜甜甜酷盖王队长", "content": "晚安💚💚💚", "time": "2024-02-17 00:00:00", "likes": "0"}, {"username": "甜甜酷盖王队长", "content": "晚安✨✨✨", "time": "2024-02-17 00:00:00", "likes": "0"}, {"username": "柠檬味的圆珠笔2023", "content": "晚安", "time": "2024-02-17 00:00:00", "likes": "0"}, {"username": "wsinsin", "content": "晚安💤", "time": "2024-02-17 00:00:00", "likes": "0"}, {"username": "咯哦咯好哦", "content": "晚安", "time": "2024-02-17 00:00:00", "likes": "0"}, {"username": "王0522博", "content": "晚安", "time": "2024-02-17 00:00:00", "likes": "0"}, {"username": "乐淇苹果", "content": "晚安", "time": "2024-02-17 00:00:00", "likes": "0"}, {"username": "恋爱脑粉碎机", "content": "晚安啦", "time": "2024-02-17 00:00:00", "likes": "0"}, {"username": "恋上啵米乐", "content": "晚安", "time": "2024-02-17 00:00:00", "likes": "0"}, {"username": "元宝十一", "content": "晚安", "time": "2024-02-17 00:00:00", "likes": "0"}, {"username": "ie娜娜子", "content": "晚安蒙蒙", "time": "2024-02-17 00:00:00", "likes": "0"}, {"username": "满月居于夜空DW", "content": "晚安", "time": "2024-02-17 00:00:00", "likes": "0"}, {"username": "momoda哒", "content": "晚安", "time": "2024-02-17 00:00:00", "likes": "0"}, {"username": "ibo啵啵1997", "content": "晚安", "time": "2024-02-17 00:00:00", "likes": "0"}, {"username": "weiruolai", "content": "晚安[舞狮]", "time": "2024-02-17 00:00:00", "likes": "0"}, {"username": "沙仑玫瑰wx", "content": "晚安", "time": "2024-02-17 00:00:00", "likes": "0"}, {"username": "叶秘啵啵9785非非", "content": "晚安", "time": "2024-02-17 00:00:00", "likes": "0"}, {"username": "柚子_DW", "content": "晚安啦", "time": "2024-02-17 00:00:00", "likes": "0"}, {"username": "-17de71果", "content": "夜晚一刻，祝福升级，烦恼归零。晚安蒙蒙，好梦！", "time": "2024-02-17 00:00:00", "likes": "0"}, {"username": "热爱无名长空维和85", "content": "晚安", "time": "2024-02-17 00:00:00", "likes": "0"}, {"username": "元宝阿七", "content": "晚安", "time": "2024-02-17 00:00:00", "likes": "0"}, {"username": "甜甜的小奶啵丫", "content": "晚安💤", "time": "2024-02-17 00:00:00", "likes": "0"}, {"username": "大哥1121_74898", "content": "晚安", "time": "2024-02-17 00:00:00", "likes": "0"}, {"username": "晚风拾星罐", "content": "晚安💤", "time": "2024-02-17 00:00:00", "likes": "0"}, {"username": "伦伦子的小陆", "content": "晚安", "time": "2024-02-17 00:00:00", "likes": "0"}, {"username": "月光下星空葡萄", "content": "晚安", "time": "2024-02-17 00:00:00", "likes": "0"}, {"username": "陈宇的报告", "content": "晚安💤", "time": "2024-02-17 00:00:00", "likes": "0"}, {"username": "疯批美人_叶先生", "content": "晚安", "time": "2024-02-17 00:00:00", "likes": "0"}, {"username": "唐朝学霸百里弘毅", "content": "晚安💤", "time": "2024-02-17 00:00:00", "likes": "0"}, {"username": "不吃蛋丝o", "content": "晚安", "time": "2024-02-17 00:00:00", "likes": "0"}, {"username": "茶韵攸乐", "content": "晚安", "time": "2024-02-17 00:00:00", "likes": "0"}, {"username": "二次元de果果", "content": "晚安蒙蒙，平安健康每一天！", "time": "2024-02-17 00:00:00", "likes": "0"}, {"username": "杌吾", "content": "晚安", "time": "2024-02-17 00:00:00", "likes": "0"}, {"username": "周三吃山楂", "content": "晚安💤", "time": "2024-02-17 00:00:00", "likes": "0"}, {"username": "85号守护者___", "content": "晚安，明天见", "time": "2024-02-17 00:00:00", "likes": "0"}, {"username": "想不起来了200305", "content": "晚安", "time": "2024-02-17 00:00:00", "likes": "0"}, {"username": "一闪一闪亮晶晶ZZH", "content": "晚安", "time": "2024-02-17 00:00:00", "likes": "0"}, {"username": "陶陶然y", "content": "晚安", "time": "2024-02-17 00:00:00", "likes": "0"}, {"username": "摩托姐姐09070805", "content": "晚安", "time": "2024-02-17 00:00:00", "likes": "0"}, {"username": "闲得奕欢201810", "content": "晚安", "time": "2024-02-17 00:00:00", "likes": "0"}, {"username": "拒绝火盆", "content": "晚安", "time": "2024-02-17 00:00:00", "likes": "0"}, {"username": "重生在维达熊宇宙打酱油", "content": "晚安", "time": "2024-02-17 00:00:00", "likes": "0"}, {"username": "唐啵2bo", "content": "晚安", "time": "2024-02-17 00:00:00", "likes": "0"}, {"username": "杌阢", "content": "晚安", "time": "2024-02-17 00:00:00", "likes": "0"}, {"username": "陆鸣于九皋", "content": "晚安", "time": "2024-02-17 00:00:00", "likes": "0"}, {"username": "微醺-yl", "content": "晚安", "time": "2024-02-17 00:00:00", "likes": "0"}, {"username": "bjcc2006", "content": "晚安", "time": "2024-02-17 00:00:00", "likes": "0"}, {"username": "真是放屁", "content": "晚安[舞狮]", "time": "2024-02-17 00:00:00", "likes": "0"}, {"username": "正在输入中inginging", "content": "晚安", "time": "2024-02-17 00:00:00", "likes": "0"}, {"username": "豹豹博001", "content": "晚安💤", "time": "2024-02-17 00:00:00", "likes": "0"}, {"username": "你算哪颗大白菜", "content": "晚安", "time": "2024-02-17 00:00:00", "likes": "0"}, {"username": "bobobobo200902", "content": "晚安💤", "time": "2024-02-17 00:00:00", "likes": "0"}, {"username": "姚啵bo", "content": "晚安", "time": "2024-02-17 00:00:00", "likes": "0"}, {"username": "啵比猪包85", "content": "晚安", "time": "2024-02-17 00:00:00", "likes": "0"}, {"username": "种一颗大树1", "content": "晚安", "time": "2024-02-17 00:00:00", "likes": "0"}, {"username": "啵比猪宝包", "content": "晚安", "time": "2024-02-17 00:00:00", "likes": "0"}, {"username": "yibo97851234", "content": "晚安", "time": "2024-02-17 00:00:00", "likes": "0"}, {"username": "菠萝蜜好吃不好剥", "content": "晚安", "time": "2024-02-17 00:00:00", "likes": "0"}, {"username": "希望王一博快乐", "content": "晚安", "time": "2024-02-17 00:00:00", "likes": "0"}, {"username": "鸣于九皋声于野", "content": "晚安", "time": "2024-02-17 00:00:00", "likes": "0"}, {"username": "无妄而为19", "content": "晚安", "time": "2024-02-17 00:00:00", "likes": "0"}, {"username": "只要甜分", "content": "好梦", "time": "2024-02-17 00:00:00", "likes": "0"}, {"username": "荞麦9785", "content": "晚安", "time": "2024-02-17 00:00:00", "likes": "0"}, {"username": "只要甜分", "content": "晚安蒙蒙", "time": "2024-02-17 00:00:00", "likes": "0"}, {"username": "用实力告诉他们你不是花瓶", "content": "晚安", "time": "2024-02-17 00:00:00", "likes": "0"}, {"username": "巧了不-", "content": "晚安", "time": "2024-02-17 00:00:00", "likes": "0"}, {"username": "啵一下小博", "content": "晚安", "time": "2024-02-17 00:00:00", "likes": "0"}, {"username": "爱啵啵的妈咪85", "content": "晚安", "time": "2024-02-17 00:00:00", "likes": "0"}, {"username": "h路过蜻蜓", "content": "晚安", "time": "2024-02-17 00:00:00", "likes": "0"}, {"username": "啵啵桃子汽水铺", "content": "晚安", "time": "2024-02-17 00:00:00", "likes": "0"}, {"username": "限定五人组", "content": "晚安蒙蒙", "time": "2024-02-17 00:00:00", "likes": "0"}, {"username": "快乐是小迷糊", "content": "晚安", "time": "2024-02-17 00:00:00", "likes": "0"}, {"username": "守辰198504", "content": "晚安", "time": "2024-02-17 00:00:00", "likes": "0"}, {"username": "豹豹博004", "content": "晚安💤", "time": "2024-02-17 00:00:00", "likes": "0"}, {"username": "太行山下小姜楠", "content": "晚安", "time": "2024-02-17 00:00:00", "likes": "0"}, {"username": "奶啵甜桃超级好吃", "content": "晚安", "time": "2024-02-17 00:00:00", "likes": "0"}, {"username": "永远爱YB-", "content": "晚安", "time": "2024-02-17 00:00:00", "likes": "0"}, {"username": "哥哥点到为止_w", "content": "晚安", "time": "2024-02-17 00:00:00", "likes": "0"}, {"username": "啵崽洱海", "content": "晚安", "time": "2024-02-17 00:00:00", "likes": "0"}, {"username": "想坐甜甜的副驾座", "content": "晚安，宝 🏄\u200d♂️", "time": "2024-02-17 00:00:00", "likes": "0"}, {"username": "_未名2号", "content": "晚安", "time": "2024-02-17 00:00:00", "likes": "0"}, {"username": "_未名1号", "content": "晚安🌙", "time": "2024-02-17 00:00:00", "likes": "0"}, {"username": "有且仅有一只小咪", "content": "晚安蒙蒙", "time": "2024-02-17 00:00:00", "likes": "0"}, {"username": "_半眠3号", "content": "晚安啦", "time": "2024-02-17 00:00:00", "likes": "0"}, {"username": "_忽晚2号", "content": "晚安🌙", "time": "2024-02-17 00:00:00", "likes": "0"}, {"username": "豹豹博014", "content": "晚安💤", "time": "2024-02-17 00:00:00", "likes": "0"}, {"username": "费诺456", "content": "晚安💤", "time": "2024-02-17 00:00:00", "likes": "0"}, {"username": "淡云来往月疏疏9785", "content": "晚安好梦", "time": "2024-02-17 00:00:00", "likes": "0"}, {"username": "_未名5号", "content": "晚安", "time": "2024-02-17 00:00:00", "likes": "0"}, {"username": "一宝的猫猫", "content": "晚安💤", "time": "2024-02-17 00:00:00", "likes": "0"}, {"username": "平行世界的我A", "content": "晚安", "time": "2024-02-17 00:00:00", "likes": "0"}, {"username": "_半眠2号", "content": "晚安", "time": "2024-02-17 00:00:00", "likes": "0"}, {"username": "_迟遇2号", "content": "晚安啦", "time": "2024-02-17 00:00:00", "likes": "0"}, {"username": "_忽晚3号", "content": "晚安", "time": "2024-02-17 00:00:00", "likes": "0"}, {"username": "_忽晚1号", "content": "晚安🌙", "time": "2024-02-17 00:00:00", "likes": "0"}, {"username": "_忽晚5号", "content": "晚安", "time": "2024-02-17 00:00:00", "likes": "0"}, {"username": "爱极了你少言寡语却眼神清澈", "content": "晚安", "time": "2024-02-17 00:00:00", "likes": "0"}, {"username": "八只猪宝包", "content": "晚安", "time": "2024-02-17 00:00:00", "likes": "0"}, {"username": "冲浪选手zzy", "content": "晚安", "time": "2024-02-17 00:00:00", "likes": "0"}, {"username": "翀啵bo", "content": "晚安", "time": "2024-02-17 00:00:00", "likes": "0"}, {"username": "兔牙的水晶小狗", "content": "晚安[舞狮]", "time": "2024-02-17 00:00:00", "likes": "0"}, {"username": "王炸队长_boom", "content": "晚安", "time": "2024-02-17 00:00:00", "likes": "0"}, {"username": "杌晤", "content": "晚安", "time": "2024-02-17 00:00:00", "likes": "0"}, {"username": "老爷爷QQ", "content": "晚安", "time": "2024-02-17 00:00:00", "likes": "0"}, {"username": "安小猫猫猫", "content": "晚安安", "time": "2024-02-17 00:00:00", "likes": "0"}, {"username": "绿荫下的小猫咪", "content": "晚安💤💤", "time": "2024-02-17 00:00:00", "likes": "0"}, {"username": "夏秋星晨", "content": "晚安", "time": "2024-02-17 00:00:00", "likes": "0"}, {"username": "禾耳秋", "content": "晚安💤", "time": "2024-02-17 00:00:00", "likes": "0"}, {"username": "新动挑战", "content": "晚安💤", "time": "2024-02-17 00:00:00", "likes": "0"}, {"username": "cuteyibo", "content": "晚安", "time": "2024-02-17 00:00:00", "likes": "0"}, {"username": "延宇言语199007", "content": "晚安", "time": "2024-02-17 00:00:00", "likes": "0"}, {"username": "可爱dinosaur", "content": "晚安！", "time": "2024-02-17 00:00:00", "likes": "0"}, {"username": "豹豹博003", "content": "晚安💤", "time": "2024-02-17 00:00:00", "likes": "0"}, {"username": "啵啵修狗狗", "content": "晚安", "time": "2024-02-17 00:00:00", "likes": "0"}, {"username": "五度芒果干", "content": "晚安", "time": "2024-02-17 00:00:00", "likes": "0"}, {"username": "拾柒盛夏", "content": "晚安💤", "time": "2024-02-17 00:00:00", "likes": "0"}, {"username": "毅心拥抱生活", "content": "蒙蒙晚安啦", "time": "2024-02-17 00:00:00", "likes": "0"}, {"username": "酒叁柒意", "content": "晚安", "time": "2024-02-17 00:00:00", "likes": "0"}, {"username": "somnus_xue", "content": "晚安", "time": "2024-02-17 00:00:00", "likes": "0"}]'}]
2025-12-18 13:31:05,884 - app - INFO - 🗑️ Closing browser.
2025-12-18 13:31:06,106 - app - INFO - Prepare to scrape url: https://weibo.com/2608703882/4610580038026427
2025-12-18 13:31:06,107 - app - INFO - 🚀 Launching Playwright browser...
2025-12-18 13:31:06,108 - app - INFO - Target url: https://weibo.com/2608703882/4610580038026427
2025-12-18 13:31:12,623 - app - INFO - 🔍 Page content loaded, starting data extraction...
2025-12-18 13:31:12,640 - app - INFO - 🔎 Scraping comments for: https://weibo.com/2608703882/4610580038026427
2025-12-18 13:31:13,656 - app - INFO - 📜 Scrolling to load comments...
2025-12-18 13:31:15,661 - app - INFO - Scroll 1/164 completed
2025-12-18 13:31:17,688 - app - INFO - Scroll 2/164 completed
2025-12-18 13:31:19,718 - app - INFO - Scroll 3/164 completed
2025-12-18 13:31:21,745 - app - INFO - Scroll 4/164 completed
2025-12-18 13:31:23,765 - app - INFO - Scroll 5/164 completed
2025-12-18 13:31:25,796 - app - INFO - Scroll 6/164 completed
2025-12-18 13:31:27,824 - app - INFO - Scroll 7/164 completed
2025-12-18 13:31:29,846 - app - INFO - Scroll 8/164 completed
2025-12-18 13:31:31,868 - app - INFO - Scroll 9/164 completed
2025-12-18 13:31:33,892 - app - INFO - Scroll 10/164 completed
2025-12-18 13:31:35,917 - app - INFO - Scroll 11/164 completed
2025-12-18 13:31:38,115 - app - INFO - Scroll 12/164 completed
2025-12-18 13:31:40,153 - app - INFO - Scroll 13/164 completed
2025-12-18 13:31:42,186 - app - INFO - Scroll 14/164 completed
2025-12-18 13:31:44,216 - app - INFO - Scroll 15/164 completed
2025-12-18 13:31:46,240 - app - INFO - Scroll 16/164 completed
2025-12-18 13:31:48,269 - app - INFO - Scroll 17/164 completed
2025-12-18 13:31:50,288 - app - INFO - Scroll 18/164 completed
2025-12-18 13:31:52,311 - app - INFO - Scroll 19/164 completed
2025-12-18 13:31:54,344 - app - INFO - Scroll 20/164 completed
2025-12-18 13:31:56,376 - app - INFO - Scroll 21/164 completed
2025-12-18 13:31:58,399 - app - INFO - Scroll 22/164 completed
2025-12-18 13:32:00,418 - app - INFO - Scroll 23/164 completed
2025-12-18 13:32:02,443 - app - INFO - Scroll 24/164 completed
2025-12-18 13:32:04,460 - app - INFO - Scroll 25/164 completed
2025-12-18 13:32:06,494 - app - INFO - Scroll 26/164 completed
2025-12-18 13:32:08,539 - app - INFO - Scroll 27/164 completed
2025-12-18 13:32:10,554 - app - INFO - Scroll 28/164 completed
2025-12-18 13:32:12,580 - app - INFO - Scroll 29/164 completed
2025-12-18 13:32:14,605 - app - INFO - Scroll 30/164 completed
2025-12-18 13:32:16,635 - app - INFO - Scroll 31/164 completed
2025-12-18 13:32:18,667 - app - INFO - Scroll 32/164 completed
2025-12-18 13:32:20,694 - app - INFO - Scroll 33/164 completed
2025-12-18 13:32:22,712 - app - INFO - Scroll 34/164 completed
2025-12-18 13:32:24,741 - app - INFO - Scroll 35/164 completed
2025-12-18 13:32:26,762 - app - INFO - Scroll 36/164 completed
2025-12-18 13:32:28,801 - app - INFO - Scroll 37/164 completed
2025-12-18 13:32:30,838 - app - INFO - Scroll 38/164 completed
2025-12-18 13:32:32,872 - app - INFO - Scroll 39/164 completed
2025-12-18 13:32:34,898 - app - INFO - Scroll 40/164 completed
2025-12-18 13:32:36,934 - app - INFO - Scroll 41/164 completed
2025-12-18 13:32:38,961 - app - INFO - Scroll 42/164 completed
2025-12-18 13:32:40,996 - app - INFO - Scroll 43/164 completed
2025-12-18 13:32:43,026 - app - INFO - Scroll 44/164 completed
2025-12-18 13:32:45,064 - app - INFO - Scroll 45/164 completed
2025-12-18 13:32:47,081 - app - INFO - Scroll 46/164 completed
2025-12-18 13:32:49,097 - app - INFO - Scroll 47/164 completed
2025-12-18 13:32:51,113 - app - INFO - Scroll 48/164 completed
2025-12-18 13:32:53,133 - app - INFO - Scroll 49/164 completed
2025-12-18 13:32:55,157 - app - INFO - Scroll 50/164 completed
2025-12-18 13:32:57,200 - app - INFO - Scroll 51/164 completed
2025-12-18 13:32:59,232 - app - INFO - Scroll 52/164 completed
2025-12-18 13:33:01,250 - app - INFO - Scroll 53/164 completed
2025-12-18 13:33:03,277 - app - INFO - Scroll 54/164 completed
2025-12-18 13:33:05,300 - app - INFO - Scroll 55/164 completed
2025-12-18 13:33:07,317 - app - INFO - Scroll 56/164 completed
2025-12-18 13:33:09,347 - app - INFO - Scroll 57/164 completed
2025-12-18 13:33:11,386 - app - INFO - Scroll 58/164 completed
2025-12-18 13:33:13,429 - app - INFO - Scroll 59/164 completed
2025-12-18 13:33:15,458 - app - INFO - Scroll 60/164 completed
2025-12-18 13:33:17,491 - app - INFO - Scroll 61/164 completed
2025-12-18 13:33:19,534 - app - INFO - Scroll 62/164 completed
2025-12-18 13:33:21,559 - app - INFO - Scroll 63/164 completed
2025-12-18 13:33:23,623 - app - INFO - Scroll 64/164 completed
2025-12-18 13:33:25,640 - app - INFO - Scroll 65/164 completed
2025-12-18 13:33:27,660 - app - INFO - Scroll 66/164 completed
2025-12-18 13:33:29,684 - app - INFO - Scroll 67/164 completed
2025-12-18 13:33:31,710 - app - INFO - Scroll 68/164 completed
2025-12-18 13:33:33,745 - app - INFO - Scroll 69/164 completed
2025-12-18 13:33:35,776 - app - INFO - Scroll 70/164 completed
2025-12-18 13:33:37,806 - app - INFO - Scroll 71/164 completed
2025-12-18 13:33:39,960 - app - INFO - Scroll 72/164 completed
2025-12-18 13:33:41,986 - app - INFO - Scroll 73/164 completed
2025-12-18 13:33:44,015 - app - INFO - Scroll 74/164 completed
2025-12-18 13:33:46,047 - app - INFO - Scroll 75/164 completed
2025-12-18 13:33:48,072 - app - INFO - Scroll 76/164 completed
2025-12-18 13:33:50,102 - app - INFO - Scroll 77/164 completed
2025-12-18 13:33:52,138 - app - INFO - Scroll 78/164 completed
2025-12-18 13:33:54,153 - app - INFO - Scroll 79/164 completed
2025-12-18 13:33:56,174 - app - INFO - Scroll 80/164 completed
2025-12-18 13:33:58,197 - app - INFO - Scroll 81/164 completed
2025-12-18 13:34:00,215 - app - INFO - Scroll 82/164 completed
2025-12-18 13:34:02,243 - app - INFO - Scroll 83/164 completed
2025-12-18 13:34:04,280 - app - INFO - Scroll 84/164 completed
2025-12-18 13:34:06,304 - app - INFO - Scroll 85/164 completed
2025-12-18 13:34:08,332 - app - INFO - Scroll 86/164 completed
2025-12-18 13:34:10,362 - app - INFO - Scroll 87/164 completed
2025-12-18 13:34:12,400 - app - INFO - Scroll 88/164 completed
2025-12-18 13:34:14,427 - app - INFO - Scroll 89/164 completed
2025-12-18 13:34:16,444 - app - INFO - Scroll 90/164 completed
2025-12-18 13:34:18,467 - app - INFO - Scroll 91/164 completed
2025-12-18 13:34:20,485 - app - INFO - Scroll 92/164 completed
2025-12-18 13:34:22,515 - app - INFO - Scroll 93/164 completed
2025-12-18 13:34:24,544 - app - INFO - Scroll 94/164 completed
2025-12-18 13:34:26,576 - app - INFO - Scroll 95/164 completed
2025-12-18 13:34:28,593 - app - INFO - Scroll 96/164 completed
2025-12-18 13:34:30,629 - app - INFO - Scroll 97/164 completed
2025-12-18 13:34:32,655 - app - INFO - Scroll 98/164 completed
2025-12-18 13:34:34,684 - app - INFO - Scroll 99/164 completed
2025-12-18 13:34:36,707 - app - INFO - Scroll 100/164 completed
2025-12-18 13:34:38,768 - app - INFO - Scroll 101/164 completed
2025-12-18 13:34:40,801 - app - INFO - Scroll 102/164 completed
2025-12-18 13:34:42,832 - app - INFO - Scroll 103/164 completed
2025-12-18 13:34:44,873 - app - INFO - Scroll 104/164 completed
2025-12-18 13:34:46,905 - app - INFO - Scroll 105/164 completed
2025-12-18 13:34:48,928 - app - INFO - Scroll 106/164 completed
2025-12-18 13:34:50,950 - app - INFO - Scroll 107/164 completed
2025-12-18 13:34:52,977 - app - INFO - Scroll 108/164 completed
2025-12-18 13:34:55,008 - app - INFO - Scroll 109/164 completed
2025-12-18 13:34:57,028 - app - INFO - Scroll 110/164 completed
2025-12-18 13:34:59,052 - app - INFO - Scroll 111/164 completed
2025-12-18 13:35:01,079 - app - INFO - Scroll 112/164 completed
2025-12-18 13:35:03,104 - app - INFO - Scroll 113/164 completed
2025-12-18 13:35:05,138 - app - INFO - Scroll 114/164 completed
2025-12-18 13:35:07,183 - app - INFO - Scroll 115/164 completed
2025-12-18 13:35:09,215 - app - INFO - Scroll 116/164 completed
2025-12-18 13:35:11,244 - app - INFO - Scroll 117/164 completed
2025-12-18 13:35:13,267 - app - INFO - Scroll 118/164 completed
2025-12-18 13:35:15,290 - app - INFO - Scroll 119/164 completed
2025-12-18 13:35:17,313 - app - INFO - Scroll 120/164 completed
2025-12-18 13:35:19,338 - app - INFO - Scroll 121/164 completed
2025-12-18 13:35:21,354 - app - INFO - Scroll 122/164 completed
2025-12-18 13:35:23,376 - app - INFO - Scroll 123/164 completed
2025-12-18 13:35:25,415 - app - INFO - Scroll 124/164 completed
2025-12-18 13:35:27,436 - app - INFO - Scroll 125/164 completed
2025-12-18 13:35:29,465 - app - INFO - Scroll 126/164 completed
2025-12-18 13:35:31,492 - app - INFO - Scroll 127/164 completed
2025-12-18 13:35:33,521 - app - INFO - Scroll 128/164 completed
2025-12-18 13:35:35,544 - app - INFO - Scroll 129/164 completed
2025-12-18 13:35:37,580 - app - INFO - Scroll 130/164 completed
2025-12-18 13:35:39,627 - app - INFO - Scroll 131/164 completed
2025-12-18 13:35:41,646 - app - INFO - Scroll 132/164 completed
2025-12-18 13:35:43,681 - app - INFO - Scroll 133/164 completed
2025-12-18 13:35:45,719 - app - INFO - Scroll 134/164 completed
2025-12-18 13:35:47,756 - app - INFO - Scroll 135/164 completed
2025-12-18 13:35:49,780 - app - INFO - Scroll 136/164 completed
2025-12-18 13:35:51,807 - app - INFO - Scroll 137/164 completed
2025-12-18 13:35:53,839 - app - INFO - Scroll 138/164 completed
2025-12-18 13:35:55,862 - app - INFO - Scroll 139/164 completed
2025-12-18 13:35:57,890 - app - INFO - Scroll 140/164 completed
2025-12-18 13:35:59,916 - app - INFO - Scroll 141/164 completed
2025-12-18 13:36:01,961 - app - INFO - Scroll 142/164 completed
2025-12-18 13:36:03,987 - app - INFO - Scroll 143/164 completed
2025-12-18 13:36:06,018 - app - INFO - Scroll 144/164 completed
2025-12-18 13:36:08,040 - app - INFO - Scroll 145/164 completed
2025-12-18 13:36:10,062 - app - INFO - Scroll 146/164 completed
2025-12-18 13:36:12,092 - app - INFO - Scroll 147/164 completed
2025-12-18 13:36:14,112 - app - INFO - Scroll 148/164 completed
2025-12-18 13:36:16,133 - app - INFO - Scroll 149/164 completed
2025-12-18 13:36:18,163 - app - INFO - Scroll 150/164 completed
2025-12-18 13:36:20,186 - app - INFO - Scroll 151/164 completed
2025-12-18 13:36:22,218 - app - INFO - Scroll 152/164 completed
2025-12-18 13:36:24,245 - app - INFO - Scroll 153/164 completed
2025-12-18 13:36:26,266 - app - INFO - Scroll 154/164 completed
2025-12-18 13:36:28,296 - app - INFO - Scroll 155/164 completed
2025-12-18 13:36:30,323 - app - INFO - Scroll 156/164 completed
2025-12-18 13:36:32,340 - app - INFO - Scroll 157/164 completed
2025-12-18 13:36:34,371 - app - INFO - Scroll 158/164 completed
2025-12-18 13:36:36,400 - app - INFO - Scroll 159/164 completed
2025-12-18 13:36:38,428 - app - INFO - Scroll 160/164 completed
2025-12-18 13:36:40,457 - app - INFO - Scroll 161/164 completed
2025-12-18 13:36:42,484 - app - INFO - Scroll 162/164 completed
2025-12-18 13:36:44,510 - app - INFO - Scroll 163/164 completed
2025-12-18 13:36:46,541 - app - INFO - Scroll 164/164 completed
2025-12-18 13:36:46,558 - app - INFO - ✅ Successfully scraped 7 comments from https://weibo.com/2608703882/4610580038026427
2025-12-18 13:36:46,558 - app - INFO - 💾 Inserting scraped data into the database...: [{'unnamed': None, 'user_name': '浦口发布', 'publication_date': '2021-03-03 08:30:00', 'content': '#浦口新闻# 【区农业农村局：“三农”干部走入“田间一线” 助推乡村振兴】 浦口发布的微博视频 \u200b\u200b\u200b', 'shared_count': '1641', 'comment_count': '1640', 'like_count': '172', 'link1': 'https://weibo.com/2608703882/4610580038026427', 'link2': None, 'content_segmented': None, 'is_agriculture_related': None, 'index_number': None, 'comments': '[{"username": "飞鸟鱼", "content": "走好乡村振兴每一步！", "time": "2021-03-03 00:00:00", "likes": "0"}, {"username": "我就是我92809", "content": "", "time": "2021-03-15 00:00:00", "likes": "0"}, {"username": "Luffy-org", "content": "", "time": "2021-03-15 00:00:00", "likes": "0"}, {"username": "成熟的召嘉石Regan", "content": "[哆啦A梦汗]", "time": "2021-03-15 00:00:00", "likes": "0"}, {"username": "明杉月_", "content": "倒计时的派对", "time": "2021-03-15 00:00:00", "likes": "0"}, {"username": "毛毛不爱发霉", "content": "", "time": "2021-03-03 00:00:00", "likes": "0"}, {"username": "噗噗53957", "content": "助推乡村振兴", "time": "2021-03-03 00:00:00", "likes": "0"}]'}]
2025-12-18 13:36:46,565 - app - INFO - 🗑️ Closing browser.
2025-12-18 13:36:46,699 - app - INFO - Prepare to scrape url: https://weibo.com/6558766829/5002125220774470
2025-12-18 13:36:46,699 - app - INFO - 🚀 Launching Playwright browser...
2025-12-18 13:36:46,699 - app - INFO - Target url: https://weibo.com/6558766829/5002125220774470
2025-12-18 13:36:53,273 - app - INFO - 🔍 Page content loaded, starting data extraction...
2025-12-18 13:36:53,287 - app - INFO - 🔎 Scraping comments for: https://weibo.com/6558766829/5002125220774470
2025-12-18 13:36:54,301 - app - INFO - 📜 Scrolling to load comments...
2025-12-18 13:36:56,310 - app - INFO - Scroll 1/146 completed
2025-12-18 13:36:58,334 - app - INFO - Scroll 2/146 completed
2025-12-18 13:37:00,365 - app - INFO - Scroll 3/146 completed
2025-12-18 13:37:02,406 - app - INFO - Scroll 4/146 completed
2025-12-18 13:37:04,440 - app - INFO - Scroll 5/146 completed
2025-12-18 13:37:06,481 - app - INFO - Scroll 6/146 completed
2025-12-18 13:37:08,515 - app - INFO - Scroll 7/146 completed
2025-12-18 13:37:10,555 - app - INFO - Scroll 8/146 completed
2025-12-18 13:37:12,589 - app - INFO - Scroll 9/146 completed
2025-12-18 13:37:14,627 - app - INFO - Scroll 10/146 completed
2025-12-18 13:37:16,666 - app - INFO - Scroll 11/146 completed
2025-12-18 13:37:18,697 - app - INFO - Scroll 12/146 completed
2025-12-18 13:37:20,727 - app - INFO - Scroll 13/146 completed
2025-12-18 13:37:22,774 - app - INFO - Scroll 14/146 completed
2025-12-18 13:37:24,811 - app - INFO - Scroll 15/146 completed
2025-12-18 13:37:26,845 - app - INFO - Scroll 16/146 completed
2025-12-18 13:37:28,882 - app - INFO - Scroll 17/146 completed
2025-12-18 13:37:30,927 - app - INFO - Scroll 18/146 completed
2025-12-18 13:37:32,966 - app - INFO - Scroll 19/146 completed
2025-12-18 13:37:34,999 - app - INFO - Scroll 20/146 completed
2025-12-18 13:37:37,039 - app - INFO - Scroll 21/146 completed
2025-12-18 13:37:39,072 - app - INFO - Scroll 22/146 completed
2025-12-18 13:37:41,113 - app - INFO - Scroll 23/146 completed
2025-12-18 13:37:43,150 - app - INFO - Scroll 24/146 completed
2025-12-18 13:37:45,185 - app - INFO - Scroll 25/146 completed
2025-12-18 13:37:47,228 - app - INFO - Scroll 26/146 completed
2025-12-18 13:37:49,264 - app - INFO - Scroll 27/146 completed
2025-12-18 13:37:51,297 - app - INFO - Scroll 28/146 completed
2025-12-18 13:37:53,345 - app - INFO - Scroll 29/146 completed
2025-12-18 13:37:55,386 - app - INFO - Scroll 30/146 completed
2025-12-18 13:37:57,429 - app - INFO - Scroll 31/146 completed
2025-12-18 13:37:59,466 - app - INFO - Scroll 32/146 completed
2025-12-18 13:38:01,501 - app - INFO - Scroll 33/146 completed
2025-12-18 13:38:03,541 - app - INFO - Scroll 34/146 completed
2025-12-18 13:38:05,579 - app - INFO - Scroll 35/146 completed
2025-12-18 13:38:07,620 - app - INFO - Scroll 36/146 completed
2025-12-18 13:38:09,658 - app - INFO - Scroll 37/146 completed
2025-12-18 13:38:11,706 - app - INFO - Scroll 38/146 completed
2025-12-18 13:38:13,746 - app - INFO - Scroll 39/146 completed
2025-12-18 13:38:15,797 - app - INFO - Scroll 40/146 completed
2025-12-18 13:38:17,852 - app - INFO - Scroll 41/146 completed
2025-12-18 13:38:19,900 - app - INFO - Scroll 42/146 completed
2025-12-18 13:38:21,946 - app - INFO - Scroll 43/146 completed
2025-12-18 13:38:23,988 - app - INFO - Scroll 44/146 completed
2025-12-18 13:38:26,032 - app - INFO - Scroll 45/146 completed
2025-12-18 13:38:28,083 - app - INFO - Scroll 46/146 completed
2025-12-18 13:38:30,119 - app - INFO - Scroll 47/146 completed
2025-12-18 13:38:32,159 - app - INFO - Scroll 48/146 completed
2025-12-18 13:38:34,207 - app - INFO - Scroll 49/146 completed
2025-12-18 13:38:36,250 - app - INFO - Scroll 50/146 completed
2025-12-18 13:38:38,289 - app - INFO - Scroll 51/146 completed
2025-12-18 13:38:40,327 - app - INFO - Scroll 52/146 completed
2025-12-18 13:38:42,366 - app - INFO - Scroll 53/146 completed
2025-12-18 13:38:44,412 - app - INFO - Scroll 54/146 completed
2025-12-18 13:38:46,447 - app - INFO - Scroll 55/146 completed
2025-12-18 13:38:48,493 - app - INFO - Scroll 56/146 completed
2025-12-18 13:38:50,526 - app - INFO - Scroll 57/146 completed
2025-12-18 13:38:52,567 - app - INFO - Scroll 58/146 completed
2025-12-18 13:38:54,596 - app - INFO - Scroll 59/146 completed
2025-12-18 13:38:56,627 - app - INFO - Scroll 60/146 completed
2025-12-18 13:38:58,662 - app - INFO - Scroll 61/146 completed
2025-12-18 13:39:00,700 - app - INFO - Scroll 62/146 completed
2025-12-18 13:39:02,746 - app - INFO - Scroll 63/146 completed
2025-12-18 13:39:04,793 - app - INFO - Scroll 64/146 completed
2025-12-18 13:39:06,827 - app - INFO - Scroll 65/146 completed
2025-12-18 13:39:08,873 - app - INFO - Scroll 66/146 completed
2025-12-18 13:39:10,917 - app - INFO - Scroll 67/146 completed
2025-12-18 13:39:12,968 - app - INFO - Scroll 68/146 completed
2025-12-18 13:39:15,008 - app - INFO - Scroll 69/146 completed
2025-12-18 13:39:17,055 - app - INFO - Scroll 70/146 completed
2025-12-18 13:39:19,097 - app - INFO - Scroll 71/146 completed
2025-12-18 13:39:21,145 - app - INFO - Scroll 72/146 completed
2025-12-18 13:39:23,182 - app - INFO - Scroll 73/146 completed
2025-12-18 13:39:25,218 - app - INFO - Scroll 74/146 completed
2025-12-18 13:39:27,262 - app - INFO - Scroll 75/146 completed
2025-12-18 13:39:29,307 - app - INFO - Scroll 76/146 completed
2025-12-18 13:39:31,351 - app - INFO - Scroll 77/146 completed
2025-12-18 13:39:33,383 - app - INFO - Scroll 78/146 completed
2025-12-18 13:39:35,429 - app - INFO - Scroll 79/146 completed
2025-12-18 13:39:37,467 - app - INFO - Scroll 80/146 completed
2025-12-18 13:39:39,518 - app - INFO - Scroll 81/146 completed
2025-12-18 13:39:41,563 - app - INFO - Scroll 82/146 completed
2025-12-18 13:39:43,607 - app - INFO - Scroll 83/146 completed
2025-12-18 13:39:45,652 - app - INFO - Scroll 84/146 completed
2025-12-18 13:39:47,702 - app - INFO - Scroll 85/146 completed
2025-12-18 13:39:49,743 - app - INFO - Scroll 86/146 completed
2025-12-18 13:39:51,784 - app - INFO - Scroll 87/146 completed
2025-12-18 13:39:53,846 - app - INFO - Scroll 88/146 completed
2025-12-18 13:39:55,891 - app - INFO - Scroll 89/146 completed
2025-12-18 13:39:57,940 - app - INFO - Scroll 90/146 completed
2025-12-18 13:39:59,991 - app - INFO - Scroll 91/146 completed
2025-12-18 13:40:02,035 - app - INFO - Scroll 92/146 completed
2025-12-18 13:40:04,095 - app - INFO - Scroll 93/146 completed
2025-12-18 13:40:06,138 - app - INFO - Scroll 94/146 completed
2025-12-18 13:40:08,178 - app - INFO - Scroll 95/146 completed
2025-12-18 13:40:10,266 - app - INFO - Scroll 96/146 completed
2025-12-18 13:40:12,317 - app - INFO - Scroll 97/146 completed
2025-12-18 13:40:14,369 - app - INFO - Scroll 98/146 completed
2025-12-18 13:40:16,438 - app - INFO - Scroll 99/146 completed
2025-12-18 13:40:18,492 - app - INFO - Scroll 100/146 completed
2025-12-18 13:40:20,545 - app - INFO - Scroll 101/146 completed
2025-12-18 13:40:22,599 - app - INFO - Scroll 102/146 completed
2025-12-18 13:40:24,666 - app - INFO - Scroll 103/146 completed
2025-12-18 13:40:26,729 - app - INFO - Scroll 104/146 completed
2025-12-18 13:40:28,790 - app - INFO - Scroll 105/146 completed
2025-12-18 13:40:30,850 - app - INFO - Scroll 106/146 completed
2025-12-18 13:40:32,907 - app - INFO - Scroll 107/146 completed
2025-12-18 13:40:35,016 - app - INFO - Scroll 108/146 completed
2025-12-18 13:40:37,079 - app - INFO - Scroll 109/146 completed
2025-12-18 13:40:39,135 - app - INFO - Scroll 110/146 completed
2025-12-18 13:40:41,196 - app - INFO - Scroll 111/146 completed
2025-12-18 13:40:43,246 - app - INFO - Scroll 112/146 completed
2025-12-18 13:40:45,300 - app - INFO - Scroll 113/146 completed
2025-12-18 13:40:47,362 - app - INFO - Scroll 114/146 completed
2025-12-18 13:40:49,417 - app - INFO - Scroll 115/146 completed
2025-12-18 13:40:51,501 - app - INFO - Scroll 116/146 completed
2025-12-18 13:40:53,558 - app - INFO - Scroll 117/146 completed
2025-12-18 13:40:55,669 - app - INFO - Scroll 118/146 completed
2025-12-18 13:40:57,729 - app - INFO - Scroll 119/146 completed
2025-12-18 13:40:59,796 - app - INFO - Scroll 120/146 completed
2025-12-18 13:41:01,858 - app - INFO - Scroll 121/146 completed
2025-12-18 13:41:03,924 - app - INFO - Scroll 122/146 completed
2025-12-18 13:41:05,990 - app - INFO - Scroll 123/146 completed
2025-12-18 13:41:08,051 - app - INFO - Scroll 124/146 completed
2025-12-18 13:41:10,127 - app - INFO - Scroll 125/146 completed
2025-12-18 13:41:12,188 - app - INFO - Scroll 126/146 completed
2025-12-18 13:41:14,240 - app - INFO - Scroll 127/146 completed
2025-12-18 13:41:16,298 - app - INFO - Scroll 128/146 completed
2025-12-18 13:41:18,365 - app - INFO - Scroll 129/146 completed
2025-12-18 13:41:20,435 - app - INFO - Scroll 130/146 completed
2025-12-18 13:41:22,486 - app - INFO - Scroll 131/146 completed
2025-12-18 13:41:24,549 - app - INFO - Scroll 132/146 completed
2025-12-18 13:41:26,616 - app - INFO - Scroll 133/146 completed
2025-12-18 13:41:28,669 - app - INFO - Scroll 134/146 completed
2025-12-18 13:41:30,726 - app - INFO - Scroll 135/146 completed
2025-12-18 13:41:32,815 - app - INFO - Scroll 136/146 completed
2025-12-18 13:41:34,882 - app - INFO - Scroll 137/146 completed
2025-12-18 13:41:36,940 - app - INFO - Scroll 138/146 completed
2025-12-18 13:41:39,019 - app - INFO - Scroll 139/146 completed
2025-12-18 13:41:41,074 - app - INFO - Scroll 140/146 completed
2025-12-18 13:41:43,130 - app - INFO - Scroll 141/146 completed
2025-12-18 13:41:45,188 - app - INFO - Scroll 142/146 completed
2025-12-18 13:41:47,250 - app - INFO - Scroll 143/146 completed
2025-12-18 13:41:49,316 - app - INFO - Scroll 144/146 completed
2025-12-18 13:41:51,398 - app - INFO - Scroll 145/146 completed
2025-12-18 13:41:53,468 - app - INFO - Scroll 146/146 completed
2025-12-18 13:41:53,553 - app - INFO - ✅ Successfully scraped 458 comments from https://weibo.com/6558766829/5002125220774470
2025-12-18 13:41:53,555 - app - INFO - 💾 Inserting scraped data into the database...: [{'unnamed': None, 'user_name': '蒙阴新闻前沿', 'publication_date': '2024-02-16 19:30:00', 'content': '晚安超话 做个好梦，睡个好觉，愿时光不负你，晚安！#晚安##2024春节山东乡村文化旅游节# \u200b\u200b\u200b', 'shared_count': '4', 'comment_count': '1468', 'like_count': '100', 'link1': 'https://weibo.com/6558766829/5002125220774470', 'link2': None, 'content_segmented': None, 'is_agriculture_related': None, 'index_number': None, 'comments': '[{"username": "不爱恰丸子", "content": "晚安", "time": "2024-02-16 00:00:00", "likes": "0"}, {"username": "攻略那条鱼", "content": "晚安", "time": "2024-02-16 00:00:00", "likes": "0"}, {"username": "成都政法", "content": "晚安，好梦[挂灯笼][挂灯笼]微博正文", "time": "2024-02-16 00:00:00", "likes": "0"}, {"username": "_巴乌兰", "content": "晚安", "time": "2024-02-16 00:00:00", "likes": "0"}, {"username": "夕阳治愈晚霞", "content": "晚安💤", "time": "2024-02-16 00:00:00", "likes": "0"}, {"username": "当阿波罗遇到雅典娜", "content": "晚安，好梦", "time": "2024-02-16 00:00:00", "likes": "0"}, {"username": "晒晒小贤", "content": "晚安蒙蒙", "time": "2024-02-16 00:00:00", "likes": "0"}, {"username": "炸毛椰啵", "content": "晚安", "time": "2024-02-16 00:00:00", "likes": "0"}, {"username": "开普勒星际", "content": "晚安，好梦[送福]", "time": "2024-02-16 00:00:00", "likes": "0"}, {"username": "丶花酒独酌", "content": "晚安蒙蒙", "time": "2024-02-16 00:00:00", "likes": "0"}, {"username": "丶花酒独酌", "content": "愿你如星辰，明亮且美好，晚安啦", "time": "2024-02-16 00:00:00", "likes": "0"}, {"username": "姑苏·一杯倒", "content": "", "time": "2024-02-16 00:00:00", "likes": "0"}, {"username": "桔子绿茶味汽水", "content": "晚安", "time": "2024-02-16 00:00:00", "likes": "0"}, {"username": "舞青梅", "content": "晚上好", "time": "2024-02-16 00:00:00", "likes": "0"}, {"username": "湖南鼎城区法院", "content": "晚安", "time": "2024-02-16 00:00:00", "likes": "0"}, {"username": "连云港市海州区法院", "content": "晚安", "time": "2024-02-16 00:00:00", "likes": "0"}, {"username": "陕西宝鸡中院", "content": "晚安微博正文", "time": "2024-02-16 00:00:00", "likes": "0"}, {"username": "明天要更开心呀Y", "content": "晚安", "time": "2024-02-16 00:00:00", "likes": "0"}, {"username": "北京铁路", "content": "晚安啦", "time": "2024-02-16 00:00:00", "likes": "0"}, {"username": "洋葱小贝", "content": "晚安", "time": "2024-02-16 00:00:00", "likes": "0"}, {"username": "一個随性的凡人", "content": "晚安", "time": "2024-02-16 00:00:00", "likes": "0"}, {"username": "吹吹风sunny", "content": "世界上最温暖的两个字，是从你口中说出的晚安", "time": "2024-02-16 00:00:00", "likes": "0"}, {"username": "山楂松饼", "content": "晚安[舞狮]", "time": "2024-02-16 00:00:00", "likes": "0"}, {"username": "酒叁柒意", "content": "晚安", "time": "2024-02-16 00:00:00", "likes": "0"}, {"username": "热元素", "content": "晚安", "time": "2024-02-16 00:00:00", "likes": "0"}, {"username": "冲浪多余的碗", "content": "晚安好梦", "time": "2024-02-16 00:00:00", "likes": "0"}, {"username": "7_潇浙_7", "content": "晚安💤啦[挂灯笼]蒙阴", "time": "2024-02-16 00:00:00", "likes": "0"}, {"username": "wq爱啵啵", "content": "晚安", "time": "2024-02-16 00:00:00", "likes": "0"}, {"username": "广海一小粟", "content": "晚安", "time": "2024-02-16 00:00:00", "likes": "0"}, {"username": "平凡的昕人", "content": "晚安", "time": "2024-02-16 00:00:00", "likes": "0"}, {"username": "wanyun10", "content": "晚安蒙蒙", "time": "2024-02-16 00:00:00", "likes": "0"}, {"username": "橙珊2019", "content": "晚安", "time": "2024-02-16 00:00:00", "likes": "0"}, {"username": "今天还是想喝奶茶20110", "content": "晚安", "time": "2024-02-16 00:00:00", "likes": "0"}, {"username": "零澜皓雪芯", "content": "愿所有的后会有期，都是他日的别来无恙。晚安！", "time": "2024-02-16 00:00:00", "likes": "0"}, {"username": "懿x一念心清净", "content": "晚安", "time": "2024-02-16 00:00:00", "likes": "0"}, {"username": "昼日环游", "content": "晚安", "time": "2024-02-16 00:00:00", "likes": "0"}, {"username": "蝴蝶伪装枯叶", "content": "晚安", "time": "2024-02-16 00:00:00", "likes": "0"}, {"username": "反正我快乐了", "content": "晚安", "time": "2024-02-16 00:00:00", "likes": "0"}, {"username": "长伴月儿弯", "content": "晚安", "time": "2024-02-16 00:00:00", "likes": "0"}, {"username": "好柿派", "content": "晚安啊早点睡", "time": "2024-02-16 00:00:00", "likes": "0"}, {"username": "清莜柒", "content": "蒙蒙晚安💤", "time": "2024-02-16 00:00:00", "likes": "0"}, {"username": "som_som_", "content": "晚安", "time": "2024-02-16 00:00:00", "likes": "0"}, {"username": "绿色心情Y_", "content": "晚安💤", "time": "2024-02-16 00:00:00", "likes": "0"}, {"username": "饭团花宝", "content": "晚安", "time": "2024-02-16 00:00:00", "likes": "0"}, {"username": "somnus_xue", "content": "晚安", "time": "2024-02-16 00:00:00", "likes": "0"}, {"username": "小丫666888-望有钱版DAYTOY", "content": "晚安", "time": "2024-02-16 00:00:00", "likes": "0"}, {"username": "叶先生的喵喵", "content": "晚安", "time": "2024-02-16 00:00:00", "likes": "0"}, {"username": "影视周期表", "content": "晚安", "time": "2024-02-16 00:00:00", "likes": "0"}, {"username": "耶啵的香菜味", "content": "晚安💤", "time": "2024-02-16 00:00:00", "likes": "0"}, {"username": "互联网便利店", "content": "晚安", "time": "2024-02-16 00:00:00", "likes": "0"}, {"username": "85YBH2", "content": "晚安", "time": "2024-02-16 00:00:00", "likes": "0"}, {"username": "85YBHU", "content": "晚安💤", "time": "2024-02-16 00:00:00", "likes": "0"}, {"username": "金毛玲何事秋风悲画扇", "content": "努力生活的人，即使身处灰暗，生活也会多彩，晚安", "time": "2024-02-16 00:00:00", "likes": "0"}, {"username": "香菜绿绵绵冰", "content": "晚安", "time": "2024-02-16 00:00:00", "likes": "0"}, {"username": "互联网365便利店", "content": "晚安", "time": "2024-02-16 00:00:00", "likes": "0"}, {"username": "-太空漫游者-", "content": "晚安", "time": "2024-02-16 00:00:00", "likes": "0"}, {"username": "生菜大蒜47", "content": "晚安", "time": "2024-02-16 00:00:00", "likes": "0"}, {"username": "盛夏琑了", "content": "晚安", "time": "2024-02-16 00:00:00", "likes": "0"}, {"username": "苦瓜小井", "content": "晚安", "time": "2024-02-16 00:00:00", "likes": "0"}, {"username": "柚子_DW", "content": "晚安[送福][送福]", "time": "2024-02-16 00:00:00", "likes": "0"}, {"username": "来去从容calm", "content": "晚安", "time": "2024-02-16 00:00:00", "likes": "0"}, {"username": "接好泼天的富贵", "content": "晚安", "time": "2024-02-16 00:00:00", "likes": "0"}, {"username": "真的无语到底要取个什么名字啊", "content": "晚安", "time": "2024-02-16 00:00:00", "likes": "0"}, {"username": "-浅梦星河-", "content": "晚安", "time": "2024-02-16 00:00:00", "likes": "0"}, {"username": "王一博的女朋友hh", "content": "晚安", "time": "2024-02-16 00:00:00", "likes": "0"}, {"username": "学士路的冰美式", "content": "晚安", "time": "2024-02-16 00:00:00", "likes": "0"}, {"username": "啃一口小白梨", "content": "晚安", "time": "2024-02-16 00:00:00", "likes": "0"}, {"username": "永不失眠的夜-", "content": "晚安", "time": "2024-02-16 00:00:00", "likes": "0"}, {"username": "有梦能圆-858", "content": "晚安", "time": "2024-02-16 00:00:00", "likes": "0"}, {"username": "白菜花11", "content": "晚安", "time": "2024-02-16 00:00:00", "likes": "0"}, {"username": "沐沐沐沐66", "content": "晚安💤", "time": "2024-02-16 00:00:00", "likes": "0"}, {"username": "永恒的爱-688", "content": "晚安", "time": "2024-02-16 00:00:00", "likes": "0"}, {"username": "持之以恒-856", "content": "晚安💤", "time": "2024-02-16 00:00:00", "likes": "0"}, {"username": "啵叽大队1号", "content": "晚安", "time": "2024-02-16 00:00:00", "likes": "0"}, {"username": "燦然一昕心", "content": "晚安", "time": "2024-02-16 00:00:00", "likes": "0"}, {"username": "从来不吃香菜50", "content": "晚安", "time": "2024-02-16 00:00:00", "likes": "0"}, {"username": "你家里人不嫌你烦吗", "content": "晚安啦", "time": "2024-02-16 00:00:00", "likes": "0"}, {"username": "你家里人不嫌你烦吗", "content": "晚安安哦好梦", "time": "2024-02-16 00:00:00", "likes": "0"}, {"username": "77小布丁77", "content": "晚安，好梦", "time": "2024-02-16 00:00:00", "likes": "0"}, {"username": "请教我这里", "content": "晚安早点睡呀", "time": "2024-02-16 00:00:00", "likes": "0"}, {"username": "恋博脑袋", "content": "wana晚安啦", "time": "2024-02-16 00:00:00", "likes": "0"}, {"username": "恋博脑袋", "content": "晚安安呀", "time": "2024-02-16 00:00:00", "likes": "0"}, {"username": "娱乐大瓜_", "content": "晚安，好梦！", "time": "2024-02-16 00:00:00", "likes": "0"}, {"username": "恋博大王", "content": "晚安呀", "time": "2024-02-16 00:00:00", "likes": "0"}, {"username": "恋博大王", "content": "晚安安呀", "time": "2024-02-16 00:00:00", "likes": "0"}, {"username": "请教我这里", "content": "晚安安", "time": "2024-02-16 00:00:00", "likes": "0"}, {"username": "风投公司员工", "content": "晚安", "time": "2024-02-16 00:00:00", "likes": "0"}, {"username": "Labubuya", "content": "晚安", "time": "2024-02-16 00:00:00", "likes": "0"}, {"username": "幸运闯入我的世界", "content": "晚安", "time": "2024-02-16 00:00:00", "likes": "0"}, {"username": "Labubuya", "content": "晚安", "time": "2024-02-16 00:00:00", "likes": "0"}, {"username": "itimnapanter", "content": "晚安", "time": "2024-02-16 00:00:00", "likes": "0"}, {"username": "海南校园", "content": "晚安[送福]微博正文", "time": "2024-02-16 00:00:00", "likes": "0"}, {"username": "南城以南向阳", "content": "晚安，好梦", "time": "2024-02-16 00:00:00", "likes": "0"}, {"username": "拾光时光时光机", "content": "晚安💤", "time": "2024-02-16 00:00:00", "likes": "0"}, {"username": "淇水记", "content": "晚安", "time": "2024-02-16 00:00:00", "likes": "0"}, {"username": "风起雾凝秋", "content": "晚上好", "time": "2024-02-16 00:00:00", "likes": "0"}, {"username": "太布可思议啦", "content": "晚安", "time": "2024-02-16 00:00:00", "likes": "0"}, {"username": "退堂鼓终极玩家", "content": "晚安💤", "time": "2024-02-16 00:00:00", "likes": "0"}, {"username": "槐夏念九", "content": "晚安", "time": "2024-02-16 00:00:00", "likes": "0"}, {"username": "龙辞影", "content": "晚安", "time": "2024-02-16 00:00:00", "likes": "0"}, {"username": "乌乌乌乌乌梅凉", "content": "晚安ヾ(@ ˘ω˘ @)ノ", "time": "2024-02-16 00:00:00", "likes": "0"}, {"username": "旖旎妤莀", "content": "晚安", "time": "2024-02-16 00:00:00", "likes": "0"}, {"username": "超甜糯叽叽", "content": "晚安", "time": "2024-02-16 00:00:00", "likes": "0"}, {"username": "迷思嗡", "content": "晚上好", "time": "2024-02-16 00:00:00", "likes": "0"}, {"username": "洋娃娃要和小寻跳舞", "content": "晚安💤做个好梦", "time": "2024-02-16 00:00:00", "likes": "0"}, {"username": "你啥档次啊", "content": "晚安，做个好梦呦", "time": "2024-02-16 00:00:00", "likes": "0"}, {"username": "童话的小白马", "content": "晚安", "time": "2024-02-16 00:00:00", "likes": "0"}, {"username": "想改个名字嘻嘻", "content": "晚安", "time": "2024-02-16 00:00:00", "likes": "0"}, {"username": "北葵向煖·", "content": "晚安", "time": "2024-02-16 00:00:00", "likes": "0"}, {"username": "等暖春来1640·", "content": "晚安", "time": "2024-02-16 00:00:00", "likes": "0"}, {"username": "daytoy020703", "content": "晚安", "time": "2024-02-16 00:00:00", "likes": "0"}, {"username": "兔米米兔_", "content": "晚安", "time": "2024-02-16 00:00:00", "likes": "0"}, {"username": "我爱白菜花", "content": "晚安", "time": "2024-02-16 00:00:00", "likes": "0"}, {"username": "东丽融媒", "content": "初七到，喜鹊叫，好运来报道！微博正文", "time": "2024-02-16 00:00:00", "likes": "0"}, {"username": "是麻泥麻泥Hong", "content": "晚安", "time": "2024-02-16 00:00:00", "likes": "0"}, {"username": "希望之星85", "content": "晚安！", "time": "2024-02-16 00:00:00", "likes": "0"}, {"username": "踮起脚尖靠近太阳的男孩", "content": "晚安💤", "time": "2024-02-16 00:00:00", "likes": "0"}, {"username": "呆桃March2020", "content": "晚安！", "time": "2024-02-16 00:00:00", "likes": "0"}, {"username": "锦鲤财财绕我转", "content": "", "time": "2024-02-16 00:00:00", "likes": "0"}, {"username": "改个名字好难85", "content": "晚安", "time": "2024-02-16 00:00:00", "likes": "0"}, {"username": "熙熙_妮妮", "content": "晚安", "time": "2024-02-16 00:00:00", "likes": "0"}, {"username": "心度德娟285", "content": "晚安", "time": "2024-02-16 00:00:00", "likes": "0"}, {"username": "风吹成麦浪", "content": "晚安", "time": "2024-02-16 00:00:00", "likes": "0"}, {"username": "肖如愿C-1123", "content": "晚安", "time": "2024-02-16 00:00:00", "likes": "0"}, {"username": "王一博的大老婆hh", "content": "晚安", "time": "2024-02-16 00:00:00", "likes": "0"}, {"username": "半夜去亲猪18次", "content": "晚安", "time": "2024-02-16 00:00:00", "likes": "0"}, {"username": "遇见雨后天晴", "content": "晚安", "time": "2024-02-16 00:00:00", "likes": "0"}, {"username": "到达之前谁能遇见", "content": "晚安呀", "time": "2024-02-16 00:00:00", "likes": "0"}, {"username": "零四分二十秒", "content": "晚安", "time": "2024-02-16 00:00:00", "likes": "0"}, {"username": "晓春妮晓", "content": "晚安[送福]", "time": "2024-02-16 00:00:00", "likes": "0"}, {"username": "知雨多少", "content": "晚上好", "time": "2024-02-16 00:00:00", "likes": "0"}, {"username": "若留住时光", "content": "晚安！", "time": "2024-02-16 00:00:00", "likes": "0"}, {"username": "开心kuaile0908", "content": "晚安💤", "time": "2024-02-16 00:00:00", "likes": "0"}, {"username": "77小布丁77", "content": "晚安💤", "time": "2024-02-16 00:00:00", "likes": "0"}, {"username": "冲鸭momo君", "content": "晚安，愿今晚的月光带给你安宁，好梦连连。", "time": "2024-02-16 00:00:00", "likes": "0"}, {"username": "小朋友先走了", "content": "晚安好梦哦", "time": "2024-02-16 00:00:00", "likes": "0"}, {"username": "本宫是纯元皇后", "content": "晚安", "time": "2024-02-16 00:00:00", "likes": "0"}, {"username": "希望之星WYB", "content": "晚安！", "time": "2024-02-16 00:00:00", "likes": "0"}, {"username": "小朋友de雪碧", "content": "晚安٩(๑´0`๑)۶", "time": "2024-02-16 00:00:00", "likes": "0"}, {"username": "小朋友de可乐", "content": "晚安(。-ω-)zzz", "time": "2024-02-16 00:00:00", "likes": "0"}, {"username": "爱池又包", "content": "晚安", "time": "2024-02-16 00:00:00", "likes": "0"}, {"username": "小朋友de美年达", "content": "晚安(。-ω-)zzz", "time": "2024-02-16 00:00:00", "likes": "0"}, {"username": "小朋友de纯果乐", "content": "晚安💤", "time": "2024-02-16 00:00:00", "likes": "0"}, {"username": "瓜田李下看热闹", "content": "晚安", "time": "2024-02-16 00:00:00", "likes": "0"}, {"username": "兔兔赞赞-", "content": "晚安", "time": "2024-02-16 00:00:00", "likes": "0"}, {"username": "小朋友de佳得乐", "content": "晚安", "time": "2024-02-16 00:00:00", "likes": "0"}, {"username": "tiankongzhichenh1998", "content": "晚安💤💤", "time": "2024-02-16 00:00:00", "likes": "0"}, {"username": "小朋友先走", "content": "晚安", "time": "2024-02-16 00:00:00", "likes": "0"}, {"username": "幽谷踏雪寻红梅", "content": "晚安", "time": "2024-02-16 00:00:00", "likes": "0"}, {"username": "小朋友de芬达", "content": "晚安💤", "time": "2024-02-16 00:00:00", "likes": "0"}, {"username": "啵啵猫231119-8", "content": "晚安，祝好梦", "time": "2024-02-16 00:00:00", "likes": "0"}, {"username": "羲和望舒DAYTOY", "content": "晚上好", "time": "2024-02-16 00:00:00", "likes": "0"}, {"username": "花生甚么柿了", "content": "晚安", "time": "2024-02-16 00:00:00", "likes": "0"}, {"username": "小朋友先别走", "content": "晚安[汪洋海蓝比心]", "time": "2024-02-16 00:00:00", "likes": "0"}, {"username": "Cq·爱丸啵", "content": "晚安啦", "time": "2024-02-16 00:00:00", "likes": "0"}, {"username": "臭脸可爱的", "content": "晚安", "time": "2024-02-16 00:00:00", "likes": "0"}, {"username": "臭脸可爱吗", "content": "晚安", "time": "2024-02-16 00:00:00", "likes": "0"}, {"username": "臭脸也很可爱", "content": "晚安", "time": "2024-02-16 00:00:00", "likes": "0"}, {"username": "异想天开0715", "content": "晚安啦", "time": "2024-02-16 00:00:00", "likes": "0"}, {"username": "是小扇子吖", "content": "晚安", "time": "2024-02-16 00:00:00", "likes": "0"}, {"username": "鱼不喝养乐多", "content": "", "time": "2024-02-16 00:00:00", "likes": "0"}, {"username": "思兔的尽头1005", "content": "晚安", "time": "2024-02-16 00:00:00", "likes": "0"}, {"username": "伦伦子的小陆", "content": "晚安", "time": "2024-02-16 00:00:00", "likes": "0"}, {"username": "追着风跑666", "content": "晚安", "time": "2024-02-16 00:00:00", "likes": "0"}, {"username": "雷雷的蕾蕾", "content": "晚安", "time": "2024-02-16 00:00:00", "likes": "0"}, {"username": "染柒259695", "content": "晚安", "time": "2024-02-16 00:00:00", "likes": "0"}, {"username": "雨28580", "content": "晚安💤", "time": "2024-02-16 00:00:00", "likes": "0"}, {"username": "月光下星空葡萄", "content": "晚安", "time": "2024-02-16 00:00:00", "likes": "0"}, {"username": "托托公主别拖了", "content": "晚安💤", "time": "2024-02-16 00:00:00", "likes": "0"}, {"username": "喜欢我的福气宝贝", "content": "晚安", "time": "2024-02-16 00:00:00", "likes": "0"}, {"username": "王百亿博-", "content": "晚安", "time": "2024-02-16 00:00:00", "likes": "0"}, {"username": "亮片片收集袋", "content": "晚安", "time": "2024-02-16 00:00:00", "likes": "0"}, {"username": "向快乐出发dzd", "content": "晚安", "time": "2024-02-16 00:00:00", "likes": "0"}, {"username": "流浪诗人黑黑", "content": "晚安", "time": "2024-02-16 00:00:00", "likes": "0"}, {"username": "诗淇禾毅J", "content": "晚安", "time": "2024-02-16 00:00:00", "likes": "0"}, {"username": "我的福气宝贝儿最好", "content": "晚安", "time": "2024-02-16 00:00:00", "likes": "0"}, {"username": "啵宝199511", "content": "晚安", "time": "2024-02-16 00:00:00", "likes": "0"}, {"username": "我的福气小宝贝", "content": "晚安", "time": "2024-02-16 00:00:00", "likes": "0"}, {"username": "晓晓rainbow", "content": "晚安啦", "time": "2024-02-16 00:00:00", "likes": "0"}, {"username": "豹豹卷心菜6", "content": "晚安💤", "time": "2024-02-16 00:00:00", "likes": "0"}, {"username": "不想上班24小时", "content": "愿你在这个宁静的夜晚得到放松，明日更加充满活力。晚安！", "time": "2024-02-16 00:00:00", "likes": "0"}, {"username": "有且仅有一只小咪", "content": "晚安蒙蒙", "time": "2024-02-16 00:00:00", "likes": "0"}, {"username": "吾爱啵啵小宝贝", "content": "晚安", "time": "2024-02-16 00:00:00", "likes": "0"}, {"username": "雾霾太大了我的哥", "content": "晚安", "time": "2024-02-16 00:00:00", "likes": "0"}, {"username": "豹豹卷心菜1", "content": "晚安💤", "time": "2024-02-16 00:00:00", "likes": "0"}, {"username": "就怕蠢人对你好", "content": "晚安💤", "time": "2024-02-16 00:00:00", "likes": "0"}, {"username": "豹豹卷心菜2", "content": "晚安", "time": "2024-02-16 00:00:00", "likes": "0"}, {"username": "啵啵哪里逃", "content": "晚安蒙蒙", "time": "2024-02-16 00:00:00", "likes": "0"}, {"username": "julie-6www", "content": "晚安喽", "time": "2024-02-16 00:00:00", "likes": "0"}, {"username": "不吃便利店", "content": "晚安💤", "time": "2024-02-16 00:00:00", "likes": "0"}, {"username": "啵璃丹猪", "content": "晚安", "time": "2024-02-16 00:00:00", "likes": "0"}, {"username": "喜欢我的小宝贝yb", "content": "晚安", "time": "2024-02-16 00:00:00", "likes": "0"}, {"username": "我家二大爷869", "content": "晚安", "time": "2024-02-16 00:00:00", "likes": "0"}, {"username": "棉花_199301", "content": "晚安喽", "time": "2024-02-16 00:00:00", "likes": "0"}, {"username": "julie-3www", "content": "晚安啦", "time": "2024-02-16 00:00:00", "likes": "0"}, {"username": "在云彩里游泳", "content": "晚安", "time": "2024-02-16 00:00:00", "likes": "0"}, {"username": "一棵小博树", "content": "晚安蒙蒙", "time": "2024-02-16 00:00:00", "likes": "0"}, {"username": "洛阳花魁8", "content": "晚安", "time": "2024-02-16 00:00:00", "likes": "0"}, {"username": "小嘛小儿郎199604", "content": "晚安", "time": "2024-02-16 00:00:00", "likes": "0"}, {"username": "种一颗大树1", "content": "晚安", "time": "2024-02-16 00:00:00", "likes": "0"}, {"username": "一叶清荷儿_", "content": "晚安", "time": "2024-02-16 00:00:00", "likes": "0"}, {"username": "wybpaxlwssy", "content": "晚安", "time": "2024-02-16 00:00:00", "likes": "0"}, {"username": "像花瓣坠落85", "content": "晚安", "time": "2024-02-16 00:00:00", "likes": "0"}, {"username": "头号可爱85", "content": "晚安", "time": "2024-02-16 00:00:00", "likes": "0"}, {"username": "dygzydcg", "content": "晚安", "time": "2024-02-16 00:00:00", "likes": "0"}, {"username": "苏小苏吖-su", "content": "晚安", "time": "2024-02-16 00:00:00", "likes": "0"}, {"username": "洛阳花魁6", "content": "晚安", "time": "2024-02-16 00:00:00", "likes": "0"}, {"username": "我要跟着你呀_", "content": "晚安", "time": "2024-02-16 00:00:00", "likes": "0"}, {"username": "小余爱吃鱼ww", "content": "晚安啦", "time": "2024-02-16 00:00:00", "likes": "0"}, {"username": "努力养号的旁观者", "content": "晚安", "time": "2024-02-16 00:00:00", "likes": "0"}, {"username": "喜欢吃香菜的人", "content": "晚安", "time": "2024-02-16 00:00:00", "likes": "0"}, {"username": "傅相柳的粉狐狸", "content": "晚安", "time": "2024-02-16 00:00:00", "likes": "0"}, {"username": "傅相柳的粉狐狸", "content": "好夢矇矇", "time": "2024-02-16 00:00:00", "likes": "0"}, {"username": "洛阳花魁5", "content": "晚安", "time": "2024-02-16 00:00:00", "likes": "0"}, {"username": "H-Wy6Dsin", "content": "晚安", "time": "2024-02-16 00:00:00", "likes": "0"}, {"username": "小狗只吃卷心菜", "content": "晚安💤", "time": "2024-02-16 00:00:00", "likes": "0"}, {"username": "熹宁85", "content": "晚安好梦", "time": "2024-02-16 00:00:00", "likes": "0"}, {"username": "唯爱805啵啵", "content": "晚吶", "time": "2024-02-16 00:00:00", "likes": "0"}, {"username": "什么魏什么DW", "content": "晚安", "time": "2024-02-16 00:00:00", "likes": "0"}, {"username": "暴躁小程記", "content": "晚安啦", "time": "2024-02-16 00:00:00", "likes": "0"}, {"username": "洛阳花魁4", "content": "晚安", "time": "2024-02-16 00:00:00", "likes": "0"}, {"username": "洛阳花魁3", "content": "晚安", "time": "2024-02-16 00:00:00", "likes": "0"}, {"username": "爱85的软饭男", "content": "晚安", "time": "2024-02-16 00:00:00", "likes": "0"}, {"username": "期待未来之星WYB", "content": "晚安！", "time": "2024-02-16 00:00:00", "likes": "0"}, {"username": "王甜甜超好吃", "content": "晚安", "time": "2024-02-16 00:00:00", "likes": "0"}, {"username": "天空之城1202401", "content": "晚安！", "time": "2024-02-16 00:00:00", "likes": "0"}, {"username": "heweb181818", "content": "晚安", "time": "2024-02-16 00:00:00", "likes": "0"}, {"username": "这过了野", "content": "晚安", "time": "2024-02-16 00:00:00", "likes": "0"}, {"username": "沐瑾95琑", "content": "晚安💤", "time": "2024-02-16 00:00:00", "likes": "0"}, {"username": "上春春春山", "content": "晚安好夢", "time": "2024-02-16 00:00:00", "likes": "0"}, {"username": "仙那度度", "content": "晚上好", "time": "2024-02-16 00:00:00", "likes": "0"}, {"username": "简小丹9785", "content": "晚安啦蒙蒙", "time": "2024-02-16 00:00:00", "likes": "0"}, {"username": "摩托姐姐09070805", "content": "晚安", "time": "2024-02-16 00:00:00", "likes": "0"}, {"username": "再次见到雨", "content": "晚安！", "time": "2024-02-16 00:00:00", "likes": "0"}, {"username": "排骨小熏出战", "content": "晚安！！", "time": "2024-02-16 00:00:00", "likes": "0"}, {"username": "霖linnlin", "content": "晚安！", "time": "2024-02-16 00:00:00", "likes": "0"}, {"username": "天空之城2201604", "content": "晚安！", "time": "2024-02-16 00:00:00", "likes": "0"}, {"username": "发疯版1997", "content": "晚安", "time": "2024-02-16 00:00:00", "likes": "0"}, {"username": "半截月亮與妳", "content": "晚安", "time": "2024-02-16 00:00:00", "likes": "0"}, {"username": "一场梦的落幕", "content": "晚安💤", "time": "2024-02-16 00:00:00", "likes": "0"}, {"username": "是小程小程w", "content": "晚安好夢", "time": "2024-02-16 00:00:00", "likes": "0"}, {"username": "洛阳花魁10", "content": "晚安", "time": "2024-02-16 00:00:00", "likes": "0"}, {"username": "Duceoraire", "content": "晚安呐早点睡", "time": "2024-02-16 00:00:00", "likes": "0"}, {"username": "脑子下了一博雨", "content": "晚安安啦", "time": "2024-02-16 00:00:00", "likes": "0"}, {"username": "tameueb", "content": "晚安安啦", "time": "2024-02-16 00:00:00", "likes": "0"}, {"username": "tameueb", "content": "晚安祝好梦呀", "time": "2024-02-16 00:00:00", "likes": "0"}, {"username": "面包喜爱者", "content": "晚安呀", "time": "2024-02-16 00:00:00", "likes": "0"}, {"username": "好柿运", "content": "晚安呐祝好梦", "time": "2024-02-16 00:00:00", "likes": "0"}, {"username": "好柿运", "content": "晚安啦", "time": "2024-02-16 00:00:00", "likes": "0"}, {"username": "AAA母猪产后护理刘大姐", "content": "晚安", "time": "2024-02-16 00:00:00", "likes": "0"}, {"username": "難遇季宴礼", "content": "晚安", "time": "2024-02-16 00:00:00", "likes": "0"}, {"username": "傲娇大小姐201403", "content": "晚安", "time": "2024-02-16 00:00:00", "likes": "0"}, {"username": "我的小熊熊熊熊熊熊熊熊", "content": "蒙蒙", "time": "2024-02-16 00:00:00", "likes": "0"}, {"username": "遇好柿", "content": "晚安安呀", "time": "2024-02-16 00:00:00", "likes": "0"}, {"username": "好柿包", "content": "晚安安", "time": "2024-02-16 00:00:00", "likes": "0"}, {"username": "好柿包", "content": "晚安哦早点睡呀", "time": "2024-02-16 00:00:00", "likes": "0"}, {"username": "发疯200411", "content": "晚安", "time": "2024-02-16 00:00:00", "likes": "0"}, {"username": "不爱小博会倒霉", "content": "晚安啦", "time": "2024-02-16 00:00:00", "likes": "0"}, {"username": "不爱小博会倒霉", "content": "晚安啊好梦！", "time": "2024-02-16 00:00:00", "likes": "0"}, {"username": "魔君千厭", "content": "晚呐蒙蒙", "time": "2024-02-16 00:00:00", "likes": "0"}, {"username": "啵啵桃子汽水铺", "content": "晚安啦", "time": "2024-02-16 00:00:00", "likes": "0"}, {"username": "一口一个小酥肉yu", "content": "晚安", "time": "2024-02-16 00:00:00", "likes": "0"}, {"username": "洛阳花魁9", "content": "晚安", "time": "2024-02-16 00:00:00", "likes": "0"}, {"username": "森之白鹿", "content": "晚安", "time": "2024-02-16 00:00:00", "likes": "0"}, {"username": "山茶啵啵鱼", "content": "晚安", "time": "2024-02-16 00:00:00", "likes": "0"}, {"username": "啵啵猫231120-10", "content": "晚安，祝好梦", "time": "2024-02-16 00:00:00", "likes": "0"}, {"username": "青云直上九万里-", "content": "晚安", "time": "2024-02-16 00:00:00", "likes": "0"}, {"username": "圆月_moon_", "content": "晚安，明天上班了", "time": "2024-02-16 00:00:00", "likes": "0"}, {"username": "小朋友先走吧", "content": "晚安💤", "time": "2024-02-16 00:00:00", "likes": "0"}, {"username": "妞妞四十天1977", "content": "晚安", "time": "2024-02-16 00:00:00", "likes": "0"}, {"username": "大烟囱和大胖胖", "content": "晚安", "time": "2024-02-16 00:00:00", "likes": "0"}, {"username": "一条独木桥走到黑的感觉如何", "content": "晚安", "time": "2024-02-16 00:00:00", "likes": "0"}, {"username": "somnus_YIBO", "content": "晚安", "time": "2024-02-16 00:00:00", "likes": "0"}, {"username": "somnus_9785", "content": "晚安", "time": "2024-02-16 00:00:00", "likes": "0"}, {"username": "奇迹小福星", "content": "晚安", "time": "2024-02-16 00:00:00", "likes": "0"}, {"username": "无感-9785", "content": "晚安💤", "time": "2024-02-16 00:00:00", "likes": "0"}, {"username": "扣扣小八", "content": "晚安", "time": "2024-02-16 00:00:00", "likes": "0"}, {"username": "宁波气象", "content": "晚安！微博正文", "time": "2024-02-17 00:00:00", "likes": "0"}, {"username": "肖兔兔要吃兔兔", "content": "晚安，好梦", "time": "2024-02-17 00:00:00", "likes": "0"}, {"username": "mmbb1179430", "content": "今天好好休息，明天要开始上班了", "time": "2024-02-17 00:00:00", "likes": "0"}, {"username": "面面的表情包", "content": "晚安", "time": "2024-02-17 00:00:00", "likes": "0"}, {"username": "O泡果奶泡奶烊", "content": "晚安好梦啦", "time": "2024-02-17 00:00:00", "likes": "0"}, {"username": "宁波气象", "content": "晚安！微博正文", "time": "2024-02-17 00:00:00", "likes": "0"}, {"username": "独属你的黑骑士", "content": "好梦", "time": "2024-02-17 00:00:00", "likes": "0"}, {"username": "宁波气象", "content": "初八吉祥！微博正文", "time": "2024-02-17 00:00:00", "likes": "0"}, {"username": "大哥1121_74898", "content": "晚安", "time": "2024-02-17 00:00:00", "likes": "0"}, {"username": "宁波气象", "content": "下午愉快！微博正文", "time": "2024-02-17 00:00:00", "likes": "0"}, {"username": "追寻光爱慕光85号", "content": "晚安", "time": "2024-02-17 00:00:00", "likes": "0"}, {"username": "意碗夜光", "content": "晚安", "time": "2024-02-17 00:00:00", "likes": "0"}, {"username": "钥女王_Hur", "content": "晚安", "time": "2024-02-17 00:00:00", "likes": "0"}, {"username": "雷宇的大飞机呀", "content": "晚安💤💤", "time": "2024-02-17 00:00:00", "likes": "0"}, {"username": "温柔船帆yyf", "content": "晚安", "time": "2024-02-17 00:00:00", "likes": "0"}, {"username": "小桃序", "content": "晚安", "time": "2024-02-17 00:00:00", "likes": "0"}, {"username": "一只绿色小恐龙W", "content": "晚安", "time": "2024-02-17 00:00:00", "likes": "0"}, {"username": "叶先生的喵", "content": "晚安", "time": "2024-02-17 00:00:00", "likes": "0"}, {"username": "一见钟情爱日久生情", "content": "晚安", "time": "2024-02-17 00:00:00", "likes": "0"}, {"username": "唐朝学霸百里弘毅", "content": "晚安", "time": "2024-02-17 00:00:00", "likes": "0"}, {"username": "无趣的养乐多Xu", "content": "晚安", "time": "2024-02-17 00:00:00", "likes": "0"}, {"username": "陈宇的报告", "content": "晚安", "time": "2024-02-17 00:00:00", "likes": "0"}, {"username": "赞赞坐啵啵腿上", "content": "晚安", "time": "2024-02-17 00:00:00", "likes": "0"}, {"username": "来了来了来了了了了", "content": "晚安", "time": "2024-02-17 00:00:00", "likes": "0"}, {"username": "嗨呀那个嗨呀", "content": "晚安", "time": "2024-02-17 00:00:00", "likes": "0"}, {"username": "英俊的蘑菇666", "content": "晚安", "time": "2024-02-17 00:00:00", "likes": "0"}, {"username": "奶啵甜桃超级好吃", "content": "晚安", "time": "2024-02-17 00:00:00", "likes": "0"}, {"username": "喵大王喵Y喵", "content": "晚安", "time": "2024-02-17 00:00:00", "likes": "0"}, {"username": "悄悄巧巧俏俏", "content": "晚安", "time": "2024-02-17 00:00:00", "likes": "0"}, {"username": "西红柿也不错", "content": "晚安", "time": "2024-02-17 00:00:00", "likes": "0"}, {"username": "昵称过于搞笑无法显示X", "content": "晚安", "time": "2024-02-17 00:00:00", "likes": "0"}, {"username": "清风不问流年_7", "content": "晚安", "time": "2024-02-16 00:00:00", "likes": "0"}, {"username": "淇淇乖乖傅三岁", "content": "蒙蒙晚安", "time": "2024-02-16 00:00:00", "likes": "0"}, {"username": "有热闹可看吗", "content": "晚安", "time": "2024-02-16 00:00:00", "likes": "0"}, {"username": "灰姐不是熊", "content": "晚安", "time": "2024-02-17 00:00:00", "likes": "0"}, {"username": "草莓味维达熊", "content": "晚安", "time": "2024-02-17 00:00:00", "likes": "0"}, {"username": "养猪的小仙女L", "content": "晚安", "time": "2024-02-17 00:00:00", "likes": "0"}, {"username": "唯爱啵宝小可爱", "content": "晚安", "time": "2024-02-16 00:00:00", "likes": "0"}, {"username": "森与雨露心_风", "content": "晚安", "time": "2024-02-16 00:00:00", "likes": "0"}, {"username": "雨纷纷草木深123", "content": "晚安", "time": "2024-02-16 00:00:00", "likes": "0"}, {"username": "是-17de果果呀", "content": "蒙蒙晚安好梦哟", "time": "2024-02-16 00:00:00", "likes": "0"}, {"username": "王一博and王一宝", "content": "晚安", "time": "2024-02-16 00:00:00", "likes": "0"}, {"username": "花儿如此美丽202209", "content": "晚安", "time": "2024-02-16 00:00:00", "likes": "0"}, {"username": "毅心拥抱生活", "content": "蒙蒙晚安，好梦(ɔˆ ³(ˆ⌣ˆc)", "time": "2024-02-16 00:00:00", "likes": "0"}, {"username": "紫罗兰小钻石", "content": "晚安💤", "time": "2024-02-16 00:00:00", "likes": "0"}, {"username": "唯爱小狮子85", "content": "晚安💤", "time": "2024-02-16 00:00:00", "likes": "0"}, {"username": "一代天骄成吉思汉", "content": "晚安", "time": "2024-02-16 00:00:00", "likes": "0"}, {"username": "努力养呆狐", "content": "晚安", "time": "2024-02-16 00:00:00", "likes": "0"}, {"username": "谢允无敌美貌", "content": "晚安💤", "time": "2024-02-16 00:00:00", "likes": "0"}, {"username": "独一无二为你所属", "content": "晚安", "time": "2024-02-16 00:00:00", "likes": "0"}, {"username": "漫天星河_乐", "content": "晚安💤", "time": "2024-02-16 00:00:00", "likes": "0"}, {"username": "ie娜娜子", "content": "晚安(˘ω˘)✩蒙蒙", "time": "2024-02-16 00:00:00", "likes": "0"}, {"username": "蓝色妖姬7777", "content": "晚安", "time": "2024-02-16 00:00:00", "likes": "0"}, {"username": "兔牙的水晶小狗", "content": "晚安", "time": "2024-02-16 00:00:00", "likes": "0"}, {"username": "岁月静好peace_and_love", "content": "晚安~~", "time": "2024-02-16 00:00:00", "likes": "0"}, {"username": "小叶子110号", "content": "晚安呀", "time": "2024-02-16 00:00:00", "likes": "0"}, {"username": "琳L-ynn", "content": "晚安", "time": "2024-02-16 00:00:00", "likes": "0"}, {"username": "许毅岁卿安_成毅不翻不改名版", "content": "蒙蒙晚安", "time": "2024-02-16 00:00:00", "likes": "0"}, {"username": "宇宙无敌宇宇酱", "content": "晚安啦", "time": "2024-02-16 00:00:00", "likes": "0"}, {"username": "宇宙无敌博博鸡", "content": "晚安啦", "time": "2024-02-16 00:00:00", "likes": "0"}, {"username": "小鱼鱼90901", "content": "晚安", "time": "2024-02-16 00:00:00", "likes": "0"}, {"username": "月亮味的番茄", "content": "晚安", "time": "2024-02-16 00:00:00", "likes": "0"}, {"username": "限定五人组", "content": "晚安好梦", "time": "2024-02-16 00:00:00", "likes": "0"}, {"username": "路人甲非路人乙", "content": "晚安啦", "time": "2024-02-16 00:00:00", "likes": "0"}, {"username": "恋爱脑粉碎机", "content": "晚安啦", "time": "2024-02-16 00:00:00", "likes": "0"}, {"username": "热烈的不是青春", "content": "晚安💤", "time": "2024-02-16 00:00:00", "likes": "0"}, {"username": "不会慢慢凋零", "content": "晚安", "time": "2024-02-16 00:00:00", "likes": "0"}, {"username": "易拉罐佳佳佳子", "content": "晚安啦", "time": "2024-02-16 00:00:00", "likes": "0"}, {"username": "我是一颗易碎的小玻璃", "content": "晚安好梦", "time": "2024-02-16 00:00:00", "likes": "0"}, {"username": "月月yaya23", "content": "晚安", "time": "2024-02-16 00:00:00", "likes": "0"}, {"username": "月月呀24", "content": "晚安", "time": "2024-02-16 00:00:00", "likes": "0"}, {"username": "媚媚逐光而行", "content": "晚安", "time": "2024-02-16 00:00:00", "likes": "0"}, {"username": "我王一博的老婆", "content": "蒙阴晚安", "time": "2024-02-16 00:00:00", "likes": "0"}, {"username": "啵一下小博", "content": "晚安", "time": "2024-02-16 00:00:00", "likes": "0"}, {"username": "小盛要瘦到90斤", "content": "晚安啦", "time": "2024-02-16 00:00:00", "likes": "0"}, {"username": "只听战说", "content": "晚安", "time": "2024-02-16 00:00:00", "likes": "0"}, {"username": "自由是结构-六点七", "content": "晚安", "time": "2024-02-16 00:00:00", "likes": "0"}, {"username": "啵荞", "content": "明天见", "time": "2024-02-16 00:00:00", "likes": "0"}, {"username": "W不爱吃硬糖", "content": "晚上好", "time": "2024-02-16 00:00:00", "likes": "0"}, {"username": "失眠想水饺", "content": "晚安", "time": "2024-02-16 00:00:00", "likes": "0"}, {"username": "凌晨一点不熬夜", "content": "明天见", "time": "2024-02-16 00:00:00", "likes": "0"}, {"username": "啵啵味泡泡糖", "content": "晚安", "time": "2024-02-16 00:00:00", "likes": "0"}, {"username": "蛋饺碎碎冰", "content": "明天见", "time": "2024-02-16 00:00:00", "likes": "0"}, {"username": "麦麦唯爱yibo", "content": "明天见", "time": "2024-02-16 00:00:00", "likes": "0"}, {"username": "雷宇舒克", "content": "晚安晚安蒙阴", "time": "2024-02-16 00:00:00", "likes": "0"}, {"username": "Masumi_Shinichi", "content": "晚安", "time": "2024-02-16 00:00:00", "likes": "0"}, {"username": "守卫者0805", "content": "晚上好", "time": "2024-02-16 00:00:00", "likes": "0"}, {"username": "火焰里的一滴糖", "content": "晚安", "time": "2024-02-16 00:00:00", "likes": "0"}, {"username": "小澄子爱吃", "content": "晚安", "time": "2024-02-16 00:00:00", "likes": "0"}, {"username": "WYL岁月静好", "content": "晚安😊", "time": "2024-02-16 00:00:00", "likes": "0"}, {"username": "豹豹博004", "content": "晚安💤", "time": "2024-02-16 00:00:00", "likes": "0"}, {"username": "西瓜沐雪", "content": "晚安", "time": "2024-02-16 00:00:00", "likes": "0"}, {"username": "晚喵呀", "content": "晚安", "time": "2024-02-16 00:00:00", "likes": "0"}, {"username": "啵啵奇遇记85", "content": "晚安💤", "time": "2024-02-16 00:00:00", "likes": "0"}, {"username": "故宫喵呀", "content": "晚安", "time": "2024-02-16 00:00:00", "likes": "0"}, {"username": "板栗小南瓜1", "content": "晚安", "time": "2024-02-16 00:00:00", "likes": "0"}, {"username": "贝贝小南瓜1", "content": "晚安", "time": "2024-02-16 00:00:00", "likes": "0"}, {"username": "辣酱煎饼", "content": "晚安好梦", "time": "2024-02-16 00:00:00", "likes": "0"}, {"username": "酸甜来来酱", "content": "晚安", "time": "2024-02-16 00:00:00", "likes": "0"}, {"username": "豹豹博002", "content": "晚安💤", "time": "2024-02-16 00:00:00", "likes": "0"}, {"username": "云南平安高速", "content": "晚安", "time": "2024-02-16 00:00:00", "likes": "0"}, {"username": "为我一下嘛", "content": "晚安", "time": "2024-02-16 00:00:00", "likes": "0"}, {"username": "-有無-", "content": "愿美梦成真～晚安", "time": "2024-02-16 00:00:00", "likes": "0"}, {"username": "豹豹博003", "content": "晚安💤", "time": "2024-02-16 00:00:00", "likes": "0"}, {"username": "娜里有个毅", "content": "如果这世界上真有奇迹，那只是努力的另一个名字。晚安蒙蒙", "time": "2024-02-16 00:00:00", "likes": "0"}, {"username": "豹豹博014", "content": "晚安💤", "time": "2024-02-16 00:00:00", "likes": "0"}, {"username": "化华花花", "content": "晚安啦", "time": "2024-02-16 00:00:00", "likes": "0"}, {"username": "把热爱做到极致A", "content": "晚安", "time": "2024-02-16 00:00:00", "likes": "0"}, {"username": "豹豹博001", "content": "晚安💤", "time": "2024-02-16 00:00:00", "likes": "0"}, {"username": "牛奶咖啡喵喵", "content": "晚安💤", "time": "2024-02-16 00:00:00", "likes": "0"}, {"username": "豹豹博011", "content": "晚安💤", "time": "2024-02-16 00:00:00", "likes": "0"}, {"username": "一直努力就会成功的", "content": "晚安💤", "time": "2024-02-16 00:00:00", "likes": "0"}, {"username": "豹豹博012", "content": "晚安💤", "time": "2024-02-16 00:00:00", "likes": "0"}, {"username": "柠檬味的圆珠笔2023", "content": "晚安", "time": "2024-02-16 00:00:00", "likes": "0"}, {"username": "豹豹博013", "content": "晚安💤", "time": "2024-02-16 00:00:00", "likes": "0"}, {"username": "YUMI_阿卡酱", "content": "晚安٩(๑´0`๑)۶好梦", "time": "2024-02-16 00:00:00", "likes": "0"}, {"username": "豹豹博015", "content": "晚安💤", "time": "2024-02-16 00:00:00", "likes": "0"}, {"username": "沉默的平凡普通人", "content": "晚安", "time": "2024-02-16 00:00:00", "likes": "0"}, {"username": "AndyYang的星语呐", "content": "晚安💤好梦", "time": "2024-02-16 00:00:00", "likes": "0"}, {"username": "为了你我义无反顾", "content": "晚安💤", "time": "2024-02-16 00:00:00", "likes": "0"}, {"username": "ee的小啊東", "content": "晚安", "time": "2024-02-16 00:00:00", "likes": "0"}, {"username": "柚子阿洋", "content": "好梦", "time": "2024-02-16 00:00:00", "likes": "0"}, {"username": "豹豹博010", "content": "晚安💤", "time": "2024-02-16 00:00:00", "likes": "0"}, {"username": "晚来情意浓", "content": "晚安蒙蒙。好梦。", "time": "2024-02-16 00:00:00", "likes": "0"}, {"username": "愿你星途璀璨9785", "content": "晚安", "time": "2024-02-16 00:00:00", "likes": "0"}, {"username": "巷尾的橘猫C", "content": "晚安", "time": "2024-02-16 00:00:00", "likes": "0"}, {"username": "不要等到天亮了才睡觉", "content": "晚安💤", "time": "2024-02-16 00:00:00", "likes": "0"}, {"username": "金色麥田裡的小狐狸", "content": "晚安", "time": "2024-02-16 00:00:00", "likes": "0"}, {"username": "DVD没得烦恼", "content": "晚安蒙蒙", "time": "2024-02-16 00:00:00", "likes": "0"}, {"username": "喵星乐子人", "content": "晚安", "time": "2024-02-16 00:00:00", "likes": "0"}, {"username": "豹豹博009", "content": "晚安💤", "time": "2024-02-16 00:00:00", "likes": "0"}, {"username": "南方熠颗星", "content": "晚安呀蒙蒙[舞狮][舞狮][舞狮]", "time": "2024-02-16 00:00:00", "likes": "0"}, {"username": "亦成2024_零五", "content": "晚安", "time": "2024-02-16 00:00:00", "likes": "0"}, {"username": "敏而好学嘉人", "content": "晚安", "time": "2024-02-16 00:00:00", "likes": "0"}, {"username": "豹豹博006", "content": "晚安💤", "time": "2024-02-16 00:00:00", "likes": "0"}, {"username": "你啥档次啊", "content": "晚安，好梦呦", "time": "2024-02-16 00:00:00", "likes": "0"}, {"username": "豹豹博007", "content": "晚安💤", "time": "2024-02-16 00:00:00", "likes": "0"}, {"username": "曼陀罗与玫瑰的故事", "content": "晚安", "time": "2024-02-16 00:00:00", "likes": "0"}, {"username": "豹豹博016", "content": "晚安💤", "time": "2024-02-16 00:00:00", "likes": "0"}, {"username": "nie1216", "content": "晚安", "time": "2024-02-16 00:00:00", "likes": "0"}, {"username": "抱走叶咪", "content": "晚安", "time": "2024-02-16 00:00:00", "likes": "0"}, {"username": "热心市民福公主", "content": "晚安", "time": "2024-02-16 00:00:00", "likes": "0"}, {"username": "天津反走私", "content": "晚安微博正文", "time": "2024-02-16 00:00:00", "likes": "0"}, {"username": "柴柴美衣_788_100", "content": "晚安", "time": "2024-02-16 00:00:00", "likes": "0"}, {"username": "豹豹博005", "content": "晚安💤", "time": "2024-02-16 00:00:00", "likes": "0"}, {"username": "雷震宇烁叶空", "content": "晚安", "time": "2024-02-16 00:00:00", "likes": "0"}, {"username": "挽衫h", "content": "晚安好梦", "time": "2024-02-16 00:00:00", "likes": "0"}, {"username": "暖心太子", "content": "晚安", "time": "2024-02-16 00:00:00", "likes": "0"}, {"username": "Noname_241", "content": "晚安啦", "time": "2024-02-16 00:00:00", "likes": "0"}, {"username": "dont_you129", "content": "晚安喽", "time": "2024-02-16 00:00:00", "likes": "0"}, {"username": "迪禾晶", "content": "晚安", "time": "2024-02-16 00:00:00", "likes": "0"}, {"username": "哈哈哈笑口常开666", "content": "晚安💤", "time": "2024-02-16 00:00:00", "likes": "0"}, {"username": "dont_you1292", "content": "晚安喽", "time": "2024-02-16 00:00:00", "likes": "0"}, {"username": "Noname_242", "content": "晚安喽", "time": "2024-02-16 00:00:00", "likes": "0"}, {"username": "9494中意你呀", "content": "晚安啦", "time": "2024-02-16 00:00:00", "likes": "0"}, {"username": "橘红色的花叶子", "content": "晚上好", "time": "2024-02-16 00:00:00", "likes": "0"}, {"username": "我是富国裕民", "content": "晚安，勤奋的人！", "time": "2024-02-16 00:00:00", "likes": "0"}, {"username": "我是富国裕民", "content": "晚安啦", "time": "2024-02-16 00:00:00", "likes": "0"}, {"username": "简小丹9785", "content": "晚安啦明天见", "time": "2024-02-16 00:00:00", "likes": "0"}, {"username": "酷盖97859785", "content": "晚上好", "time": "2024-02-16 00:00:00", "likes": "0"}, {"username": "发疯200411", "content": "晚安", "time": "2024-02-16 00:00:00", "likes": "0"}, {"username": "丹yibo8585", "content": "晚上好", "time": "2024-02-16 00:00:00", "likes": "0"}, {"username": "礼物月", "content": "好梦", "time": "2024-02-16 00:00:00", "likes": "0"}, {"username": "丹丹耶啵26", "content": "晚上好", "time": "2024-02-16 00:00:00", "likes": "0"}, {"username": "土豆泥土豆块土豆饼", "content": "晚安啦蒙蒙", "time": "2024-02-16 00:00:00", "likes": "0"}, {"username": "杨梅酒85", "content": "晚安啦明天见", "time": "2024-02-16 00:00:00", "likes": "0"}, {"username": "简丹的幸福9785", "content": "晚安啦蒙蒙", "time": "2024-02-16 00:00:00", "likes": "0"}, {"username": "热烈的不是青春是我们0805", "content": "晚安啦明天见", "time": "2024-02-16 00:00:00", "likes": "0"}, {"username": "天塌了还有爱在yibo85", "content": "晚上好", "time": "2024-02-16 00:00:00", "likes": "0"}, {"username": "丹丹耶啵12", "content": "晚安啦明天见", "time": "2024-02-16 00:00:00", "likes": "0"}, {"username": "丹丹耶啵5", "content": "晚安啦蒙宝", "time": "2024-02-16 00:00:00", "likes": "0"}, {"username": "丹丹耶啵9", "content": "晚安啦蒙宝", "time": "2024-02-16 00:00:00", "likes": "0"}, {"username": "丹丹耶啵7", "content": "晚安啦蒙蒙", "time": "2024-02-16 00:00:00", "likes": "0"}, {"username": "丹丹耶啵1", "content": "晚上好", "time": "2024-02-16 00:00:00", "likes": "0"}, {"username": "丹丹耶啵11", "content": "晚安啦蒙蒙", "time": "2024-02-16 00:00:00", "likes": "0"}, {"username": "丹丹耶啵8", "content": "晚安啦蒙蒙", "time": "2024-02-16 00:00:00", "likes": "0"}, {"username": "只喜欢王一博9785", "content": "晚安啦明天见", "time": "2024-02-16 00:00:00", "likes": "0"}, {"username": "丹丹耶啵6", "content": "晚安啦蒙宝", "time": "2024-02-16 00:00:00", "likes": "0"}, {"username": "丹丹耶啵3", "content": "晚安啦蒙宝", "time": "2024-02-16 00:00:00", "likes": "0"}, {"username": "丹丹耶啵28", "content": "晚安啦明天见", "time": "2024-02-16 00:00:00", "likes": "0"}, {"username": "丹丹耶啵27", "content": "晚安啦蒙蒙", "time": "2024-02-16 00:00:00", "likes": "0"}]'}]
2025-12-18 13:41:53,561 - app - INFO - 🗑️ Closing browser.
